case_id,score
8400,0.026385569746996428
38272,0.014718491446635848
33317,0.05444639512831933
34061,0.014990694004512589
55842,0.012692821204893914
16358,0.017014632513726743
2885,0.029077816857935073
7722,0.03133320594281791
27422,0.019662877355360635
18496,0.019072142982071594
39654,0.022509579048788052
49971,0.0895944864456879
30224,0.049356621720459855
29498,0.10262717489253217
19824,0.02717784385333853
25657,0.026385569746996428
35411,0.04473201448662887
42898,0.019454958399753874
37801,0.043648002908898545
29452,0.04702506971413739
28104,0.015496846136181948
37866,0.01006701482118141
35815,0.011364826486670199
37149,0.00985094968318559
40259,0.01756484710983706
6793,0.026385569746996428
1583,0.022726785003141462
49983,0.05378078582423385
39168,0.029093555207402463
34983,0.03618095687002243
20489,0.02753206604176121
34240,0.042679459990995164
2982,0.029747104029681365
27805,0.02328708043636843
21439,0.027951944848650878
38421,0.049657494808119124
37540,0.01063719914499658
50759,0.01892451917711896
42097,0.07469761348932022
17856,0.007921616354761296
48494,0.06626118807864187
11400,0.03986958618560055
11710,0.03156209341615827
25145,0.020362383638771114
29712,0.04305008493844122
16841,0.005800733467271903
12847,0.026385569746996428
36857,0.03559958686096037
13359,0.021625249798655436
35624,0.013022648191029119
5748,0.0051756213938435195
1792,0.02918476909046202
3780,0.026385569746996428
20839,0.024790577574446467
18372,0.0042774287661544045
43638,0.013324318537988981
56102,0.02650680279997957
20635,0.028761821598901064
35638,0.03587575589153119
17180,0.03409097004086666
40596,0.04182797265120655
36987,0.07569980010383173
41937,0.016114672043109825
6742,0.02987140101458218
50367,0.04279580781339954
24847,0.06932334042293113
24906,0.03736597547728103
38214,0.014802080790502607
14757,0.02497925435382105
57105,0.014438450102780272
48986,0.0554530268161615
19415,0.009189958770581094
53831,0.01298600007043309
41425,0.03631827515350074
35110,0.0574743070345879
29868,0.00887792193099487
53135,0.050746842559873905
49740,0.020033721660062034
40173,0.027357353139413995
14533,0.017210071240283304
40384,0.01182657764520559
38072,0.02414841265472409
21464,0.024313121840492204
6423,0.019662877355360635
47089,0.1274330326308763
37342,0.042877581258676516
11667,0.034989625707923966
21055,0.04323420928281472
38752,0.0396513594915734
51659,0.02885082632461019
40184,0.042679459990995164
35991,0.02312612999442915
52914,0.02328708043636843
1584,0.012694115057829808
37000,0.017358378696791223
44640,0.25532915147402685
56513,0.06875707696134861
28206,0.025451935402017924
3789,0.047164348390650083
25516,0.027712846110692524
15019,0.09270170504042617
50227,0.012462373555668196
16853,0.06289010406209253
14991,0.026385569746996428
13688,0.026385569746996428
12639,0.026385569746996428
22376,0.02497925435382105
42217,0.017729516798331138
24621,0.03295979488064056
29268,0.07331214515206083
30071,0.042679459990995164
22968,0.015779137855332685
49552,0.015340836137643806
50302,0.19085458566226238
28217,0.016710795303434556
22646,0.04207300730942591
16109,0.03365698422689703
37255,0.04385114446505478
55095,0.037922150131153534
7002,0.16249938468127145
16320,0.023854144351180474
52555,0.01304664705929268
47935,0.03239775947104928
52449,0.02543498408549454
54736,0.0886221942834189
47305,0.04603389532947031
23330,0.053559743169423094
41237,0.05057390300294876
3495,0.02497925435382105
30406,0.008265889467574962
48686,0.016868895479036493
33200,0.015670263004591855
42021,0.014012258971684668
22774,0.024818952175340837
24482,0.028920643218189886
39857,0.02691983682550417
37731,0.03963346235444375
39280,0.05805238303151105
21721,0.06289010406209253
47769,0.02497925435382105
20868,0.016428446666775058
11396,0.029054540798287527
2630,0.048616101096803886
36501,0.007937355768655943
15013,0.04556100028709459
22269,0.012872461710002272
33111,0.025995387405083437
54971,0.01025874686433716
32485,0.020277064074747417
5360,0.01850740962076923
21194,0.029584861487113957
586,0.08844461182537812
18127,0.026094371216183125
22688,0.01510962245127185
40369,0.009785441075775714
42389,0.026454859627171676
48912,0.028528890985152707
7478,0.02826804510791789
51761,0.12043732119247683
5089,0.013963535510798332
36247,0.033097867009102035
1097,0.026385569746996428
9478,0.02037634662953158
26316,0.04776523139420505
23240,0.013648110373346442
37769,0.026385569746996428
29258,0.02497925435382105
43518,0.03452773462157302
48501,0.04757748252266519
4162,0.025088498293888362
22630,0.05942134605085876
21241,0.010247466489788182
5970,0.01704958190039874
6497,0.022828391224828236
42839,0.1686720430784437
23728,0.05790814942976453
33230,0.03855080727973044
33628,0.026385569746996428
6667,0.026385569746996428
31442,0.060425464674916114
42272,0.024679124895945606
890,0.029045319822023734
26876,0.02101987714212069
22225,0.02192588173747922
19771,0.009990442677202883
12758,0.030082315312517087
1414,0.02522495833070211
55185,0.020640898088359283
36449,0.03533085261849575
31187,0.036323712454708355
1164,0.02670386098694292
47029,0.1305161888696804
47563,0.020956054119462643
40571,0.010506831479723942
4800,0.029930145600870896
38582,0.021289217754926364
9987,0.05759189875395868
41540,0.023182947217866963
49870,0.00939866255555687
21166,0.02427592609197979
52967,0.034107381948143924
51854,0.026385569746996428
37808,0.058904160335742514
462,0.019980110439030377
53751,0.010455487625648562
35542,0.008454048143665925
49946,0.08424961413989127
34602,0.12750689114834615
29278,0.028152023678540434
25828,0.008709048847634874
45703,0.01717190529053416
24494,0.06419550233128565
14773,0.04646463825318051
35061,0.029518768495550223
7978,0.019662877355360635
40106,0.06522180915327486
14558,0.024475193483007886
8341,0.011717705438921538
13263,0.017670953350421903
28023,0.006096692434490061
1689,0.022149093796937854
6954,0.027940167257570574
3270,0.017696006422711623
7989,0.019662877355360635
41942,0.011104414688002814
13943,0.03268392502957795
6759,0.0551771706935211
32226,0.021312760661803983
54299,0.053628582350904855
55749,0.014295696242026599
19034,0.027978623102090927
53502,0.02497925435382105
41859,0.05626858566221465
4157,0.023085989026666164
8654,0.026385569746996428
24986,0.015845562776387743
5370,0.03627250479171658
36569,0.040310329400590705
32540,0.026385569746996428
29423,0.015728077064343232
17162,0.025824612123406202
29297,0.02497925435382105
47784,0.03751015851851414
32915,0.026385569746996428
6875,0.030517406034196122
24439,0.013194571442127824
51565,0.02497925435382105
43133,0.02927659975983903
12591,0.017741262162683662
44886,0.04853174305454677
45731,0.083598339504078
22090,0.027940167257570574
50380,0.018595506661541177
29329,0.007112660023360753
42554,0.017838522388189684
12894,0.019403352873822558
34738,0.0058042364964930706
5428,0.018402313088926224
3829,0.02295510472862996
55098,0.015543447266938385
11878,0.06569786545565559
55685,0.026385569746996428
37363,0.09242352347507073
31295,0.026076113644122562
11670,0.02204290673241592
32138,0.060968192817500884
46860,0.0554765611991692
49881,0.032406276154868664
20603,0.013813894696710984
47502,0.016011650774205556
30864,0.02873729059565102
43931,0.02459918801070448
44321,0.022434123309183266
13557,0.011668580115924669
7416,0.03856231107834556
11247,0.015030244570175318
56469,0.021383059974840173
12570,0.062161419839760215
13653,0.02826804510791789
43641,0.0309488709471696
37093,0.04014706374594945
28326,0.04650403623676302
2527,0.026385569746996428
9988,0.01470447023926363
49326,0.038763521830981425
39868,0.018291638929370142
21453,0.01029111079080791
55087,0.026385569746996428
56565,0.033971919240431143
30174,0.01865667076969711
34670,0.01318373584769959
52032,0.033496833369726295
9311,0.029194173475410236
19244,0.008535058198916503
6975,0.013756284563357639
56228,0.027451718438142807
5246,0.047467851138370654
8270,0.020871362286432316
29624,0.06842705550435531
2996,0.020200864318486566
13480,0.033035237300859104
40434,0.01027231391560747
37896,0.01666811740170175
54792,0.02007181996544304
8797,0.014876761737120362
43096,0.01622838259077561
23180,0.007981326884773305
6526,0.018402313088926224
29514,0.05251323218210132
6904,0.019657551193537393
28421,0.017918812039946698
39425,0.031345795214027576
13723,0.03596864040105279
50038,0.013686536669791735
5803,0.036084479825399016
2229,0.06588949971297947
15110,0.023424275778424018
36084,0.0309488709471696
43788,0.057211431082160195
20737,0.03423223702817884
3735,0.026385569746996428
45463,0.04676886088013472
14343,0.04501729621256515
53521,0.031148683714735226
10163,0.029930145600870896
26433,0.020859789501521328
273,0.026385569746996428
2528,0.02826804510791789
40896,0.09492681458496345
36988,0.06498177879966377
28100,0.012382364868383356
50704,0.013335079884601185
2349,0.026385569746996428
38944,0.031604827648214776
45548,0.026385569746996428
15145,0.022166480674101676
7845,0.021562945586694714
5672,0.02402606504317291
34322,0.024664006691320562
46487,0.03179030558165667
52332,0.015135365746934255
27000,0.04846229958129171
57080,0.017375644861091593
51458,0.025232207853981906
30369,0.0422515310228601
33331,0.022562820808659054
39996,0.014926528624346945
31365,0.01650715928855923
11645,0.02373998139696296
36812,0.03714370476047723
41891,0.02204684778481631
29330,0.11527331646305584
7320,0.02826804510791789
41443,0.04344002326313737
25313,0.03117552359353083
28277,0.023658279388793734
45938,0.026385569746996428
4086,0.030907609383204537
52115,0.026385569746996428
28499,0.0261509571786774
3564,0.021395199457053093
3804,0.028615678609352595
42391,0.13465876420028236
17121,0.031389451183889555
38631,0.06542304003627779
29976,0.02898739806177597
43611,0.01997877657505621
8235,0.061267600432568216
49282,0.13408464297363928
17407,0.08969214625041236
53597,0.01219716948999439
3715,0.036639936159721956
54338,0.011413380969375341
14883,0.06463347466951581
41738,0.018043772506590984
19980,0.03369942225380211
29347,0.02681337817302869
20518,0.022726785003141462
38317,0.04531415052883278
36249,0.0278667183767808
34230,0.03751015851851414
828,0.07595901894666679
50965,0.01482648742790048
3953,0.01944602965000628
12447,0.028301145531184697
36155,0.026385569746996428
26198,0.04569772965185771
8675,0.02826804510791789
12628,0.019662877355360635
47107,0.03129413050346346
13099,0.070434529854339
57600,0.04502090403596344
9931,0.028318951073144336
46477,0.029898658080823023
11582,0.03969339817544647
33901,0.05501321233724271
23454,0.04208177050350105
12789,0.028806249566463115
3388,0.07455360248335989
54983,0.026385569746996428
42176,0.023744696902159197
15897,0.026385569746996428
45056,0.03751015851851414
18729,0.012629578345988055
42115,0.029904347439172883
16717,0.04029214426368096
15837,0.026385569746996428
11617,0.015030244570175318
25925,0.0328686424235482
30703,0.017821154432690684
41799,0.008258123131850119
48376,0.021689606365318952
5771,0.011353383407179816
19303,0.026322280431678047
53566,0.011781919745912537
17657,0.022183820454553946
44466,0.04564884051342604
10421,0.021927966362738693
18237,0.027142922034803035
49260,0.024601017814833044
53667,0.026385569746996428
20822,0.06752701295300481
21011,0.025044277982797052
212,0.03411146127943276
36567,0.007981326884773305
40944,0.05428732733753823
34860,0.0498028929290918
49904,0.04024298184513211
38555,0.040097179344002906
22526,0.014149537163172143
14554,0.047618095220463154
31447,0.022291136369079246
11124,0.019299053293279245
16050,0.02522495833070211
24540,0.03562838297603959
9519,0.03656787169535565
20761,0.011670284263111869
18143,0.010617674454808074
40120,0.0210824518376835
15530,0.01751621474440252
5146,0.025712258743979404
12004,0.02321384637422151
10012,0.02676415442207215
34191,0.04903476966987583
50289,0.05928619053000815
12307,0.021052137540137572
56008,0.01829604757358437
29333,0.020111780260883432
52071,0.02497925435382105
55376,0.02352198321152769
27550,0.014178105115050141
49924,0.029746054550437863
27508,0.04269252020227787
13124,0.02826804510791789
54077,0.021660222986338747
31227,0.03304140853087966
21041,0.02719296649394919
42896,0.06146607606749279
1072,0.026385569746996428
37611,0.03800182298751652
41620,0.02538350856261613
44840,0.0200130578723115
2210,0.0355069538185831
10439,0.03064538575381463
54406,0.01305307402412932
9129,0.03786580713748558
5712,0.014356243249190041
8836,0.03062745482910738
2965,0.04897366772728294
12840,0.023555039574080082
57474,0.0321848030347157
45969,0.015395353972589065
45251,0.052986728750171776
41114,0.04242787411460888
45686,0.12788826542851206
6340,0.022888821012621324
54372,0.03282000209142922
30888,0.011104414688002814
55531,0.025090658694838616
35090,0.019662877355360635
224,0.07241814226438367
11262,0.026385569746996428
40564,0.045646419195277364
3080,0.01764305835114943
26546,0.07061960546824408
36388,0.008397531405552714
32342,0.011643403180041374
48268,0.08082251714434532
476,0.026385569746996428
17954,0.022295728726985382
32564,0.045593805389768496
14240,0.01725030930759941
55114,0.03190333826212846
33088,0.022059504077872306
55271,0.02005376700006683
22471,0.02547324766806357
18119,0.06827230185934385
55909,0.010895597525691891
11275,0.027175813083111296
4421,0.010051534715667087
26791,0.026385569746996428
16286,0.08991384652563682
39101,0.023429791010575664
5637,0.0244141094678386
33960,0.02216834488641502
43895,0.03544679530845612
36262,0.026385569746996428
56957,0.008329000580859834
19025,0.03557395913550923
37039,0.03856148592903033
47601,0.04748835590878101
9501,0.02497925435382105
8723,0.05091303166687758
7625,0.07887575667405987
13728,0.02892993906769657
644,0.029077816857935073
36961,0.029791830550195908
4506,0.03315846292418917
52175,0.026385569746996428
42463,0.044329872993257156
37618,0.043786823517518836
22685,0.03605589517501636
48660,0.054041007956976576
50499,0.017162051067199004
21476,0.022685670717684556
8931,0.04078864218730348
39479,0.04788370865131134
23228,0.0274078956788019
44711,0.019193664945190612
9279,0.02919532744658179
42452,0.08677509005026374
56648,0.016943670125309285
53110,0.013589260914749966
8596,0.016305333192514454
37998,0.014445990977909837
55841,0.03525529456601608
54419,0.012392440079965315
4579,0.016567870697490914
11477,0.02373998139696296
35632,0.03579092537659032
35091,0.08254765939152818
36406,0.018106645487938482
8466,0.01631116413155701
29499,0.013074308270813993
15020,0.02826804510791789
697,0.026385569746996428
31582,0.07043314884181198
39458,0.01729969818350985
46430,0.010895597525691891
45342,0.021839130250427587
43760,0.01850740962076923
51404,0.02497925435382105
39234,0.019513269073066403
51876,0.021660222986338747
21505,0.012876529593244118
29686,0.015913653549300473
4039,0.026385569746996428
23748,0.029077816857935073
8740,0.023002631514650387
1491,0.040268440567801995
2515,0.020792388692007106
22902,0.02755937219752147
13253,0.025510852533258944
26346,0.0262414049288384
30474,0.03678279643460652
431,0.01850740962076923
12542,0.026385569746996428
42404,0.038656407777493296
39150,0.03134191718347125
27070,0.012477058282826817
24979,0.031494506827638595
10021,0.02775352952179874
3418,0.022828391224828236
35275,0.06215291639933425
56801,0.05249365039644712
33284,0.05430893759026144
31395,0.09548961749915369
30634,0.1310940364330539
30713,0.019144440593398745
25023,0.062114099490131525
7324,0.02040584380614565
16495,0.02826804510791789
21428,0.026094371216183125
42366,0.03714370476047723
10525,0.026385569746996428
6995,0.031939835585341254
46620,0.01335574571959733
34934,0.05570881907582907
46580,0.014908147669420136
20510,0.014938508655129879
19101,0.03725210053619642
28346,0.016227532006431455
39262,0.04438515970213039
43956,0.024276484436765926
56443,0.010702274204824162
55634,0.02497925435382105
31927,0.031580032658315244
31718,0.02347878988949122
54777,0.014803587651711967
40362,0.0309488709471696
43145,0.04039632686118247
42745,0.009221235062997947
6166,0.02826804510791789
31763,0.07150182411271791
8773,0.0204520321265614
1866,0.02333490383741097
50749,0.02497925435382105
6288,0.013071470939858495
54594,0.07222348038736776
41579,0.07285993160974184
46082,0.028064135428445557
5333,0.026566081848536042
18955,0.024475193483007886
55424,0.015942878491250482
50396,0.052014356347250934
49836,0.12972018578706432
33391,0.02701330175730229
10371,0.026385569746996428
51304,0.048338873881898496
15486,0.02522495833070211
30014,0.0772943223086974
29494,0.013199874254332708
14222,0.024818952175340837
29887,0.01963496784824822
10565,0.026020683715109887
18063,0.02328708043636843
5627,0.028320725802603145
31305,0.04226915660055598
8970,0.02497925435382105
38603,0.02538084783714369
47437,0.02497925435382105
45850,0.030856074458390028
10999,0.028796352104846688
57331,0.021660222986338747
46263,0.026385569746996428
13179,0.02975640056077956
19395,0.017390132452087686
35926,0.06662694417026596
28565,0.03226504103647572
10810,0.038247058959372845
1270,0.018402313088926224
5157,0.03362496827791744
13883,0.018690610511965633
35827,0.06289010406209253
54436,0.027279082651755403
18434,0.03204322339070949
15460,0.01850740962076923
10393,0.02118068307496078
32523,0.01334406266652042
729,0.030186684073098553
21111,0.03140960012192092
19722,0.03151227026017888
27096,0.019662877355360635
13949,0.029393670523684103
49394,0.012500012731995956
1463,0.03741649845661018
21025,0.11023358335530185
3189,0.033502923019551364
22701,0.019584906721119795
37520,0.005735800662757687
41765,0.036675490404507745
39838,0.033823682827031756
19809,0.019662877355360635
53013,0.07176241411313208
1246,0.05181506989604924
48316,0.08209342759023015
36128,0.031203397302097587
40780,0.01250989048866445
4948,0.02485514552247847
29981,0.009416591861891454
47235,0.026385569746996428
26501,0.03892362309377419
32612,0.059056999599696194
9126,0.02327802294190002
35962,0.03980581313228538
41897,0.023765549294568696
48524,0.009937175239905262
36278,0.01616366712676075
31287,0.02359870994731099
44035,0.026943969242575666
53904,0.026453245169881297
45279,0.03751015851851414
24145,0.021187413224385415
54616,0.01773409688841428
48826,0.011158861397259405
20788,0.026848924513244943
46973,0.11457098965076783
42948,0.06829311440081676
43197,0.020306480892791617
1566,0.02096246085300568
5874,0.025869424169740664
54488,0.01646016272526466
17649,0.013633957356106258
55821,0.02497925435382105
34410,0.012167264925796771
6425,0.02231885706557265
5369,0.009028016158817584
37838,0.011723516989863184
16759,0.01791361729035113
5564,0.024475193483007886
22142,0.077772481596713
31997,0.01190739105862095
11376,0.03349261332696904
15393,0.029077816857935073
15572,0.035282557929174486
44257,0.010895597525691891
36462,0.04053982444116934
26275,0.02080198165668245
51102,0.010172952578953894
11359,0.04107896707868921
51998,0.019755323898676895
3836,0.028272849136149563
53834,0.02497925435382105
5325,0.020353683256514675
22429,0.06697355002271903
50596,0.01449019805332502
22665,0.031005753446062642
14311,0.019662877355360635
41848,0.044902938375576566
37575,0.033107799270775805
52335,0.01729083901863096
56172,0.008103698859878775
8478,0.011909994395916076
35188,0.013331428532291984
39712,0.013324318537988981
4788,0.03987199620515774
54266,0.011632483700590016
39305,0.01284784615565016
21819,0.009797881974801963
1580,0.059521655253470085
5058,0.06657158862450259
39962,0.02848160476780731
24912,0.029077816857935073
24777,0.026385569746996428
10287,0.026385569746996428
43847,0.023250008018423262
16222,0.027142922034803035
3394,0.04642004980094211
28492,0.012629578345988055
46752,0.05403513471964065
55995,0.0247157376828238
42794,0.03760371886502892
54875,0.021366183662984727
7205,0.019956930846393415
8075,0.02497925435382105
30751,0.01478773345666761
13964,0.03552903469610431
44736,0.0309488709471696
20928,0.03074028102686677
29174,0.019411365089414316
40346,0.012860654417228392
40406,0.012188662251033856
43846,0.03236413697557881
33274,0.023874841218106724
1005,0.020948140417613764
17520,0.06328491931564703
27212,0.006957752391740547
19486,0.0064181478605120044
21023,0.026385569746996428
44784,0.013324318537988981
10406,0.022727761127048204
42961,0.05312942559870638
37103,0.0163892590883003
2247,0.026385569746996428
51830,0.009030696744676471
19926,0.03450015698773807
27359,0.011579748476758413
28860,0.026857917372295433
15458,0.029551870791420402
22446,0.027922549731206194
20230,0.05464041952660202
4828,0.0345309173493978
50829,0.03423223702817884
48653,0.020861438540052943
29183,0.023524445325772865
25021,0.07660031654891485
29741,0.024856095534528014
57601,0.02497925435382105
26591,0.01838471436532795
1219,0.01850740962076923
26185,0.014755670374345593
14174,0.019403352873822558
28912,0.02216834488641502
7822,0.02522495833070211
10153,0.023854144351180474
51799,0.03484985440458211
12781,0.026385569746996428
27536,0.021106844021820736
21358,0.0900695578781947
13047,0.02333490383741097
16170,0.026385569746996428
21992,0.011227886161533288
37613,0.030964526843757285
37284,0.03595137541421958
48348,0.13510863746809254
7462,0.006876865041049172
36492,0.03297656771137418
46594,0.017055951519659204
38028,0.046566254686288965
30731,0.019079017592121487
30749,0.026385569746996428
53020,0.01649305282224938
37582,0.22881190822358147
41622,0.020299642901627845
15418,0.023113866682161692
33533,0.020652797797490335
46836,0.022149036643258836
30989,0.05165748658361147
51674,0.03732909734817189
8470,0.01142829628315519
23818,0.017721443455363018
25951,0.015441013554405948
32472,0.06908751122166232
30973,0.0211363765936442
11402,0.0550616537480972
17965,0.019662877355360635
28616,0.010613260460308754
20413,0.01096636840610467
42082,0.019884211354515173
32776,0.017572585176876983
27489,0.015421912168726142
33032,0.004789749672102684
57553,0.026385569746996428
37281,0.04426930490123196
936,0.015046388778527318
15497,0.027142922034803035
35107,0.026385569746996428
55131,0.014361004693657572
48071,0.04424044037689407
34161,0.03544679530845612
54258,0.022765937272619757
34089,0.030283049752215303
1221,0.03621433672440596
396,0.026385569746996428
45373,0.0064198922452139776
36032,0.025872532649133355
53025,0.015857104953915395
26266,0.023389763907109774
55788,0.027195644601463467
14049,0.04283550421557432
36354,0.025121975170687184
45036,0.018927067733116202
47349,0.02497925435382105
16106,0.026385569746996428
48850,0.009538094788265323
7201,0.026385569746996428
29138,0.010895597525691891
44609,0.1501050065488904
3120,0.03467297521207659
13010,0.028827912245062627
57220,0.02497925435382105
37278,0.04449647685716194
10660,0.04897366772728294
42846,0.026385569746996428
29897,0.2162744650067279
23176,0.04445130707867895
56506,0.014569149727733776
50198,0.02837431680940661
10656,0.01626864849404699
13400,0.0200538396139524
17039,0.09936697589920548
52060,0.014002279207920298
24492,0.040121386994945385
35799,0.05110382768442101
17411,0.08099514076051431
32923,0.03139812843586551
31429,0.02371118684754647
55737,0.012838082252539667
24633,0.026385569746996428
31849,0.11259014999421751
47071,0.008255685093007425
52007,0.02450512851037676
4057,0.020129432233190612
28619,0.032733385553598345
26847,0.013938329110879007
34577,0.0309488709471696
22281,0.04745480188808543
18795,0.02497925435382105
13717,0.026385569746996428
20261,0.026385569746996428
33271,0.04294764772271989
37472,0.026385569746996428
35095,0.026776058415527004
55809,0.02497925435382105
20586,0.051741647875431965
5090,0.024264897339945298
13670,0.2095100844234696
39524,0.02806113254303816
18169,0.06188193346887784
19688,0.07585890814125014
51719,0.034281448873587625
47334,0.06226073995915306
22460,0.015072445540966777
1003,0.09321054887641594
30931,0.01930342114497412
39409,0.022059220078090438
8618,0.011781919745912537
14673,0.030077809326644087
6648,0.08674155069783067
3955,0.024476242820929417
21771,0.015730449718291697
7143,0.026385569746996428
17080,0.033904941428526784
32149,0.026385569746996428
56141,0.04583388519058452
39035,0.016062327384176837
33916,0.08199928161516658
21894,0.02129446184375163
22081,0.01335309369117956
9038,0.01932522082188739
24606,0.026385569746996428
49651,0.029082316584905378
21854,0.056273897475033745
17612,0.029077816857935073
55656,0.09868349402087823
36050,0.02755035343035594
2778,0.03180829555397662
41320,0.01425973707532032
25240,0.012578135210380793
18619,0.027079009777994937
50667,0.07017022319360004
26530,0.026385569746996428
15681,0.028827912245062627
18012,0.026385569746996428
24166,0.020127479462781133
54426,0.03356086698035801
43985,0.05025689718586821
16674,0.023424275778424018
19081,0.010540853183041987
21867,0.026385569746996428
14861,0.026385569746996428
12426,0.023287311367849815
754,0.04415989603903662
9829,0.023903503609007063
40971,0.10334496776143187
12179,0.029205489445832986
48178,0.023608194728183228
26024,0.028920643218189886
47096,0.009217660694885967
25647,0.01699373625742063
43976,0.026385569746996428
11594,0.026385569746996428
56108,0.02497925435382105
53515,0.011268694265780923
42302,0.020143335203431444
182,0.030406098903737386
41915,0.02681178534159111
41818,0.033742878003093654
24079,0.012365138838140818
39025,0.026453245169881297
54810,0.012451134240207913
45027,0.04169379217180009
57291,0.018388765281823816
36783,0.10814203363440358
24921,0.02826804510791789
36099,0.029932724059815924
20771,0.03508097987413238
52097,0.009020624709818069
18586,0.0727386019416031
35344,0.03704550410245957
16739,0.024818952175340837
10817,0.019871016664695314
51563,0.01168728434034238
22974,0.02823309932342696
53942,0.018717650916029532
44628,0.03326852823402445
4269,0.050059843181271296
19444,0.006333635731091002
38717,0.013076345721795076
27864,0.011774271496028482
52424,0.023620645413749197
35325,0.0040171953521156364
13203,0.03543081299531946
33049,0.08291167242654987
280,0.0069268152602833455
20793,0.018693450046509602
56989,0.02497925435382105
38143,0.038630652051227635
28868,0.052880947187307036
29630,0.026385569746996428
13019,0.024215067387379108
52411,0.009348245369107585
53631,0.0212677748349667
16176,0.03171392999550391
23892,0.02617224513026218
57182,0.048982743519630736
54818,0.019425355268423167
8546,0.008932666932417439
53027,0.10231329658770398
40565,0.04266495569315108
11893,0.026385569746996428
53773,0.02497925435382105
5687,0.029352058076810985
46273,0.013324318537988981
27863,0.022869209904807203
6132,0.02826804510791789
49400,0.020574964704661188
2761,0.0492478343263502
38217,0.05045991246342105
11789,0.046725609591663914
54210,0.024644203487678797
42013,0.033878230558730044
17112,0.04323066140157824
23480,0.011713015814362805
49011,0.030874124486736897
56725,0.03728939440387507
7616,0.043910971808263546
53152,0.008695841895593642
27336,0.013405339873583845
22070,0.019421545886099078
10688,0.02333490383741097
39085,0.024667619193630332
23090,0.019662877355360635
57515,0.02538679859469385
34431,0.02884910129277444
1856,0.008169356504392943
15452,0.03154711188529016
29186,0.03288611776874616
30739,0.022150235062504058
20153,0.008188739562239714
34100,0.0716519846640086
8454,0.026385569746996428
9685,0.018751927183713553
40636,0.02102656969003796
44752,0.08961164113348599
2331,0.0717327845576136
22038,0.05033214048088234
48791,0.07920278583354314
9613,0.006319337552540007
4212,0.02826804510791789
29803,0.03714370476047723
21623,0.03764755217468761
39835,0.11460483045473363
9918,0.03796644682540108
52361,0.01095345695810086
10465,0.015422549034063157
7055,0.04886099784566122
19795,0.09197014038133935
54943,0.05050550661781276
21165,0.02328708043636843
41032,0.02686851947617812
54720,0.011531195416487162
51087,0.01715298107105414
15125,0.019992321474935237
12586,0.026385569746996428
46951,0.09236599837925048
5045,0.03052655781156319
46696,0.02311342478088257
42559,0.03936164115892184
50792,0.031725998683439234
19391,0.03529678299048054
4097,0.026385569746996428
47524,0.05528806337483076
2549,0.0241632573452646
50117,0.01772546795345523
12547,0.02497925435382105
34927,0.028181982461762338
30404,0.25265799661224914
29653,0.004520407273893336
34682,0.017945558276311033
16051,0.020135617410766474
41238,0.07747084253266755
10075,0.02497925435382105
12981,0.02373998139696296
5567,0.02497925435382105
17819,0.02522495833070211
9760,0.02003783132495836
30135,0.04341934348225816
14032,0.03397835732250136
31771,0.026385569746996428
7220,0.004865857745186261
40496,0.07029043510576917
55773,0.027940167257570574
36104,0.010346827119341052
32251,0.056317379012206535
51092,0.01753107981548156
53636,0.03256732795280119
34823,0.027750098902165298
1227,0.048430052272727744
45889,0.03351981065763052
15368,0.009555392412161811
14720,0.028689874245014395
16677,0.10090523476478953
26904,0.04072297148967286
53124,0.03958033237905911
55468,0.021660222986338747
5981,0.028295664353648557
25234,0.015037009148896673
19893,0.010324841586304673
24438,0.028924252509716742
24047,0.026385569746996428
16055,0.021904523551583913
1477,0.02676415442207215
18871,0.04157511473335326
6128,0.020590417304881044
36350,0.03420724172515858
24330,0.010143167631140522
19136,0.009993766698131156
52926,0.021660222986338747
43437,0.0197662562388854
46897,0.030647784065169825
41496,0.024380808257391806
37495,0.013636480713939943
44902,0.023047227944658855
16451,0.026094371216183125
18106,0.011960707913705619
24257,0.02826804510791789
26575,0.014730456158601357
4980,0.026385569746996428
48236,0.05357524518513335
13609,0.03260627679236766
12788,0.026385569746996428
34655,0.029687119180184355
36755,0.020281469875806687
35793,0.037681139166746154
9366,0.03709819853197709
2592,0.025968466390503837
24258,0.010160062326311926
8893,0.03752315171227201
17372,0.04406322698990904
13797,0.04386955413613235
52474,0.00942381595210914
46039,0.04595322401524625
28306,0.029293482293763412
32976,0.10525176637520253
53227,0.011104414688002814
33796,0.013324318537988981
18958,0.06289010406209253
39250,0.05159526857365973
44984,0.014172836720600582
5115,0.02038629047735747
42142,0.058850392878126205
38363,0.08174385592649155
34392,0.03728939440387507
25550,0.026385569746996428
34572,0.038020199668216875
31483,0.036205835889179645
43134,0.06341540907959392
10538,0.025712258743979404
36596,0.049671976991401745
39689,0.03726847523783561
15279,0.018402313088926224
28158,0.011271360154644987
32106,0.09538592639149136
2579,0.03390608776780883
11029,0.01980596353767669
15851,0.029077816857935073
1388,0.04593868620081995
457,0.033764940704425817
51160,0.02497925435382105
50451,0.011140290019653058
12690,0.0330495800765754
51357,0.027404323020597053
5819,0.029969482978867864
33664,0.04361408841690867
55778,0.06878713421056838
21704,0.00936533060111852
21671,0.05808007176533973
3003,0.02019991752248379
46541,0.0327794557421514
20265,0.016057464732884084
9851,0.024337969343111922
20483,0.043828706697288326
56339,0.016776287869742338
2757,0.023076779003324797
9806,0.051342444322598914
45171,0.011823614988919292
23353,0.014299579030221932
2182,0.018402313088926224
50249,0.030612169970380094
5476,0.04324644561040792
26064,0.025644716442436617
251,0.027940167257570574
3073,0.03904364048644898
53066,0.033129544256658996
54750,0.018123311811007556
10992,0.04772826684356056
454,0.055726553081131495
12184,0.03371454999705495
40553,0.011265733479947877
3914,0.023854144351180474
13657,0.02826804510791789
15307,0.01818386924260434
2359,0.030237549198136163
24249,0.026385569746996428
51858,0.03178491740045008
5396,0.031223615078857538
9722,0.02497925435382105
50849,0.029937908113868
49853,0.020710335191320508
21669,0.02984805144976791
15292,0.020397923242647976
6987,0.02333490383741097
44826,0.009187019103761821
50491,0.02153873927201992
22810,0.02771830085816599
914,0.023940660528386736
42836,0.03724031343699307
35087,0.01901996850425965
26307,0.027276742063207106
21234,0.025252906376210894
45108,0.02775131896950871
30148,0.10602932523611112
55342,0.026937237873496063
12733,0.02702354672840625
45777,0.015463195016625601
28056,0.015041879119046251
26932,0.025295798643835212
35487,0.02461493460766761
6536,0.03833914307482702
39055,0.02911915027662273
33685,0.026385569746996428
28335,0.04323033025069813
23222,0.022924373645321777
37475,0.05159526857365973
28294,0.026385569746996428
32593,0.028264572711737105
24640,0.011319391307513684
54632,0.014334457200795106
28283,0.011213457630067298
48790,0.2247078388260162
41110,0.026385569746996428
7499,0.02251771773727773
29081,0.04602371752384091
16750,0.06590267649594457
16097,0.029277391678880882
3173,0.03559986476286858
38690,0.039672681347221926
15662,0.04527105180349004
11821,0.026385569746996428
54618,0.027219840407141208
49382,0.06789225209230176
20214,0.05765280074618316
13540,0.05846398606067178
9590,0.07961007502279206
35916,0.04290477582884014
36793,0.010127294755522402
54160,0.022696758975439504
20986,0.06147060974935443
21039,0.016878649701677028
46668,0.04512226820435386
19319,0.028408393709220763
47400,0.031357915641603666
50640,0.02725442315415007
34838,0.027940167257570574
43264,0.030193400752179477
55456,0.016681880767244875
49692,0.05809309517183427
24378,0.024233168565748434
1126,0.03517924881061925
44297,0.049718336564476634
43509,0.13405469570755418
26559,0.026385569746996428
27325,0.012808389840948071
11647,0.02826804510791789
53554,0.013324318537988981
14967,0.05355004238089704
19837,0.06719005663361877
18949,0.013793488926004275
47143,0.03628019081715917
52232,0.017424081782266957
14617,0.02826804510791789
36097,0.07273473586750354
43384,0.02513315652800136
20755,0.028882292244586803
57537,0.03967607271164484
1536,0.021927966362738693
46346,0.017323096178852786
7479,0.012721436176008143
56546,0.02543498408549454
26882,0.013408598428927854
4402,0.024644203487678797
23976,0.04677499110404754
578,0.04296046724951338
37140,0.024644203487678797
49603,0.1378177688693309
39383,0.034288248598118534
4021,0.02826804510791789
56081,0.026710794875156655
15551,0.02870825267466908
32783,0.017116072590896623
4053,0.03958895274281074
48044,0.016419051148909167
45520,0.045434227215358954
39889,0.011047350168656128
39320,0.026385569746996428
9389,0.04038443023803502
24692,0.022494461651651317
46106,0.05469345647134371
37133,0.011513431114242157
34267,0.05549881162500788
10917,0.012869568380978705
28825,0.05194828938210893
8247,0.026962981269189487
9146,0.01747488894298915
54311,0.010903770388266372
42186,0.02253765672276812
36456,0.009758863969861574
1484,0.01850740962076923
49546,0.020467938148146268
47220,0.02497925435382105
51643,0.02308027338278056
26794,0.02333490383741097
53657,0.007658022784963031
17608,0.02193021301132096
38704,0.14999567541888717
35573,0.11079706065035569
56217,0.023113866682161692
28626,0.003499951004069643
5253,0.019662877355360635
17834,0.049852244393146054
28280,0.013324318537988981
55039,0.008494980537920851
18995,0.007678461073433437
53157,0.01177976338118883
41794,0.016741462373446724
17163,0.06289010406209253
31360,0.02961276213611382
50533,0.019626969285872924
13853,0.0373334458853147
25419,0.046202748100859725
48046,0.029122547435174683
3131,0.02509350457327128
13712,0.044018229811407454
1638,0.021722040772616975
48004,0.011505212783733808
32224,0.03156775209037971
27706,0.026385569746996428
6188,0.028772706276435328
50746,0.013262260644668443
6201,0.026385569746996428
28175,0.04627602332689708
21238,0.022515743207135928
32096,0.10067060938017063
45135,0.012689086315748737
48491,0.06264290969616401
49215,0.016154508327254197
20867,0.03229546060961655
14233,0.023867201377502888
29867,0.008898683240334606
33036,0.009959725278821299
39821,0.02547068646526407
6491,0.026866770329649115
55759,0.01972389451776504
15871,0.026385569746996428
681,0.02522495833070211
1632,0.038558773568655454
21429,0.014197127419924504
7168,0.026385569746996428
21006,0.010359592959235987
38487,0.033635197493492204
21228,0.02713275433366953
32949,0.04895939231047294
49829,0.03793761451395247
20222,0.0208745191853742
16822,0.028506872340749303
4384,0.035953713384986076
23825,0.011104414688002814
30033,0.06289010406209253
15712,0.08761162098839682
36416,0.022122387158381784
6319,0.01804272770032888
4091,0.02768755427664145
9720,0.018436020269627665
9367,0.01659435590221998
40967,0.14278822592650847
11088,0.02208447182932561
42157,0.03433414676337992
5073,0.019498657032770737
45616,0.04638100694590308
53325,0.03423223702817884
48699,0.050114649168352884
43873,0.013245671119438453
48140,0.03540128991520776
7091,0.015721211459438087
7427,0.03186353901575315
29253,0.06742474200997169
54705,0.01219716948999439
3899,0.05052095891994454
3698,0.03505963600105389
27888,0.01981812915560598
47360,0.024120188350050652
38145,0.026385569746996428
42269,0.022921042433598333
9441,0.023113866682161692
50453,0.03340882902805601
13120,0.03986958618560055
7298,0.023989529423098215
42382,0.048777173334888506
45111,0.012221136335586184
13941,0.02234882065010099
38689,0.05285778569905506
20743,0.026385569746996428
16348,0.017518907715654997
43281,0.042944793210234276
55814,0.02847509157930335
10239,0.009705452221776871
51388,0.01715298107105414
23965,0.028836114662218155
37680,0.016404924308895563
52925,0.054292876703813234
46569,0.019716788551966895
33588,0.032070158974706595
33129,0.011640646543725656
54179,0.07268737930730011
47527,0.05531897720345561
30514,0.026290566163924917
17891,0.0200538396139524
10674,0.06646717546007185
10732,0.026385569746996428
47799,0.013507408482607055
19939,0.010686559384181851
38150,0.04905201876890884
28468,0.03594582787775288
17557,0.026385569746996428
37911,0.026385569746996428
4264,0.0612384375598607
6653,0.049597618270186994
19896,0.05353847333275632
14982,0.0507706884219558
47555,0.038725152954167764
19599,0.013747423166457672
9011,0.02676415442207215
45937,0.022304045791050074
29920,0.023874841218106724
12814,0.02710854899702538
45085,0.06307091331732023
37652,0.06348245725033787
40195,0.03172887642005035
8440,0.02422382558896416
40292,0.028440366251770953
13774,0.02695750875156346
24910,0.031180389640322076
41308,0.02238336133652109
55231,0.02543498408549454
38738,0.06964513276444152
4883,0.02118068307496078
776,0.04132799258978462
46495,0.04347082906977009
43048,0.022453955006047972
55785,0.033316468620493915
43948,0.023706952434273655
18685,0.02679592153714964
43809,0.009855212383490883
36795,0.023583553217434654
8501,0.026639441866990823
47067,0.02497925435382105
29431,0.05711525226411022
39274,0.022218970735256544
38504,0.0390266154364809
33273,0.02450512851037676
50362,0.16157869474300124
6724,0.011699040643183948
998,0.02490313264506049
37469,0.021595169562224164
9960,0.01735137142912809
26117,0.02874844897228982
37910,0.02548618736820709
24452,0.018713866894046527
24823,0.011055018097466045
24581,0.027229211148343986
36969,0.026716370540709883
34494,0.028981257460025493
8537,0.008698215998375407
34424,0.028981257460025493
8477,0.01074388560689025
46488,0.17650890521548399
39445,0.025518096301713283
47278,0.033106843391234965
16875,0.027314782895606786
2854,0.04330364034639424
46008,0.02462263040166063
12668,0.037217748236365186
41014,0.03010444585421575
4031,0.015039866731785242
20882,0.014606710032629948
1169,0.021395199457053093
7029,0.02826804510791789
54944,0.041113835345314736
15767,0.044849094709410994
26805,0.012693687187097609
15176,0.019041253383150807
38791,0.013324318537988981
44894,0.026809797292909443
38584,0.020322189859881185
55962,0.010895597525691891
27017,0.04021899924837503
45451,0.009562704850613326
40533,0.05632122995435261
26772,0.010895597525691891
37506,0.054593014212044336
54387,0.010700845984306971
37024,0.02216834488641502
10413,0.006353861974751487
52797,0.056941372559901
2726,0.017834854185330352
42868,0.02154567038646156
50889,0.023113866682161692
25986,0.028938986436245612
55676,0.035626136542922626
18844,0.026385569746996428
11786,0.02118068307496078
16776,0.018998015280146767
44193,0.025497332261790306
33636,0.016252877697987965
55973,0.01011345912179657
47348,0.02207035132657949
10254,0.023867201377502888
8451,0.010895597525691891
57278,0.037917328229350206
8182,0.03302922892836373
29274,0.088737238910914
31031,0.04273802783137397
38790,0.12345472659452085
44885,0.02791172473799858
1175,0.0646606776836428
53112,0.13798973233244627
20552,0.02037634662953158
26381,0.0038496950249946164
27421,0.02321860431330582
42151,0.037655786815945495
33227,0.026410974103819724
5466,0.04311880248664216
39487,0.023654268538909333
12090,0.018471804675320922
9451,0.02497925435382105
44224,0.041844106284840595
23002,0.02340501833426154
13141,0.040453240833313156
35495,0.026385569746996428
19985,0.09143534599727599
1641,0.02826804510791789
3661,0.026385569746996428
37009,0.03279974040101471
17549,0.01786724884069609
19869,0.09928220425793109
1138,0.05625697635333859
110,0.036536902895623766
27925,0.03174662640140825
50400,0.026433047447012862
51538,0.029935743919435917
3419,0.026791069290075423
15999,0.024267679351799694
32374,0.04331234076210937
23695,0.019662877355360635
8913,0.007566148825896712
42784,0.13019929906465616
50968,0.020204397875770705
5835,0.026385569746996428
14050,0.0228232511551679
2777,0.02826804510791789
40072,0.020808911462924632
53658,0.018933390118009926
9728,0.023383498048534603
33019,0.114939765768425
37111,0.018225185305083824
5563,0.030737897555511193
44530,0.04851845703475041
5610,0.01850740962076923
39702,0.02400756714811266
16261,0.06327929399903189
14074,0.02522495833070211
26740,0.08062310598394819
37702,0.05900156031358553
9452,0.021030009776450587
40782,0.026385569746996428
29676,0.04900705967575911
13058,0.030201256880819212
14170,0.07230686576248056
55602,0.056516167189389115
40746,0.029359484400778898
48645,0.10448568595107233
36968,0.03421376350028552
39180,0.018535795634636754
20094,0.013446850079002088
41493,0.022854040191928913
27861,0.02497925435382105
16298,0.02118068307496078
45359,0.11285427541410527
20201,0.03730042517240674
45227,0.02772657425047467
5148,0.03890406997543978
38836,0.02691983682550417
48753,0.024800352625245384
35217,0.009469029747903883
7638,0.05221533580099783
3214,0.026385569746996428
47560,0.0162355198770674
17979,0.03170773618842459
30891,0.027790747896868126
35747,0.01644961958363156
9936,0.021660222986338747
31708,0.03339124459662695
15147,0.02929625963282482
17746,0.02497925435382105
28623,0.005250812372159686
21937,0.023557090180059536
44090,0.02926323112113853
1182,0.02826804510791789
40530,0.03301028398502738
7652,0.02077192105404106
26753,0.05507162970439548
4219,0.02497925435382105
13701,0.026385569746996428
11625,0.023177227469961974
40559,0.053179721341159815
30440,0.011387923058191134
38708,0.05732999831917532
21334,0.06504599835072201
19409,0.021947004655570417
13995,0.019662877355360635
3242,0.015872613501890755
53374,0.026385569746996428
15466,0.032486147920373
11042,0.027314782895606786
17756,0.020652797797490335
24037,0.01626632054448161
6839,0.02256287404727346
35471,0.07317029518884907
56316,0.056592861499127456
34350,0.02325621088941731
57437,0.03011167003751944
4859,0.037929886038731576
13413,0.026094371216183125
28589,0.014197127419924504
51400,0.021210766576428418
8557,0.015871555218538867
11265,0.02826804510791789
57297,0.039306407675758936
1879,0.023428364043162973
12348,0.021286412753359032
25119,0.029077816857935073
14499,0.02373998139696296
13572,0.03121982418901865
37565,0.0679509251871965
28862,0.026385569746996428
37041,0.02435806354780962
49653,0.01348257293594429
53588,0.030626542076659397
9353,0.020171647326319604
35407,0.022612341430934203
13791,0.026385569746996428
7339,0.026346405882040912
2867,0.02647028169928412
39254,0.014144604658878979
42219,0.027755131746817464
43926,0.017561047756251964
53500,0.02543498408549454
19055,0.007610323244094348
50831,0.02497925435382105
45377,0.09477334945801609
8874,0.028991037034274157
53206,0.019461781571238762
8914,0.02826804510791789
17679,0.04037187505216364
6623,0.02118068307496078
23879,0.026385569746996428
20179,0.03956374396788277
34194,0.025731715505384112
9263,0.02497925435382105
2593,0.026385569746996428
47711,0.041374975269396534
54847,0.03230200286499205
27030,0.021647293658048405
55694,0.027613600800180042
16045,0.025260829128729165
35288,0.021183710904402905
39622,0.04608893871807377
51130,0.019740748087550164
35537,0.030911612566447193
33091,0.0536943498840937
31062,0.028729708102851442
40248,0.04933741057410996
6860,0.020595545179787955
48105,0.15581846257943804
47325,0.02497925435382105
57298,0.01174908689778883
28594,0.012415757822017336
56590,0.024717569613830828
57076,0.010646128245520534
51550,0.026361052896865442
36257,0.012831721618303208
41564,0.02196002786244421
14835,0.018402313088926224
12623,0.026385569746996428
40656,0.008659719921719402
27827,0.026385569746996428
47535,0.04775213644694653
49134,0.03523376923182678
55312,0.01469419757576367
34371,0.032838628534587196
5954,0.026385569746996428
35599,0.026385569746996428
24731,0.02366835111923856
8819,0.014834262104029298
11852,0.026385569746996428
42063,0.011734000281688885
4985,0.033973329845974364
51537,0.004623532070862794
34561,0.022841793835518664
10499,0.019662877355360635
33424,0.04987308818834348
9790,0.02497925435382105
35161,0.026385569746996428
40918,0.04520566712139149
1281,0.03295248599314495
25796,0.022726785003141462
4524,0.026385569746996428
36217,0.026385569746996428
16974,0.04028327863060678
1039,0.018402313088926224
15669,0.022525018227415983
30319,0.03751015851851414
55542,0.02497925435382105
21973,0.013074308270813993
26647,0.020386179033630367
25356,0.012526579748661669
7682,0.034234138112451754
2101,0.08632700720880923
28851,0.0612971741002054
20321,0.026385569746996428
9712,0.02497925435382105
18283,0.04848486728082499
3335,0.1474013515968817
48189,0.008141545185002201
22206,0.09602339794736024
10950,0.027161056685138088
40680,0.012379483201583484
45446,0.033107799270775805
41636,0.09350806264742054
10522,0.026218655406761885
31580,0.02891657387423003
48548,0.023414331519899374
3272,0.02048825592346243
672,0.020922958379464784
50002,0.15483853812146736
19424,0.01945329663221511
34879,0.05878967003579487
11986,0.08449812304770614
1661,0.037085289608730226
24279,0.026385569746996428
48047,0.017940617903580043
27556,0.013074308270813993
22949,0.010362900416564305
8468,0.013859003312420315
52194,0.01988633655430497
44800,0.012134677283593609
31405,0.027956062577799173
55683,0.01192167827054429
15081,0.044775494938819285
25422,0.00637384720188285
24738,0.04052409785398254
24965,0.02826804510791789
44269,0.013074308270813993
34598,0.011135610568696481
20744,0.010455487625648562
35314,0.03544679530845612
45213,0.07240776661603425
2893,0.02118068307496078
28596,0.02167853624240439
17053,0.02743486044346609
428,0.01253143868893644
4672,0.026385569746996428
36837,0.026385569746996428
34356,0.014506789115384023
1295,0.026385569746996428
43901,0.09731442135435274
27809,0.029473689721468865
51930,0.025384141026591277
26822,0.007387687515753207
18453,0.02688101201779403
46215,0.014278327174970613
39016,0.026385569746996428
53806,0.010264404426500113
5159,0.09889347522755217
23518,0.026385569746996428
4639,0.07101442905459808
48281,0.09768199479603655
10199,0.02118068307496078
22267,0.02922870281393807
5866,0.037927876222037096
23443,0.02743355866872387
24203,0.03273699313682508
15153,0.058902007507136936
22041,0.014197127419924504
40051,0.027219968276403356
55308,0.015875514721032154
50951,0.024644203487678797
53149,0.02583047416194814
21486,0.06625936140517362
23594,0.020210367025557185
50748,0.024536416747658232
41015,0.010260116690726575
36908,0.06289010406209253
44228,0.04410800718719381
48371,0.008052746658005523
2351,0.016446222822585788
52488,0.026385569746996428
53328,0.02086757116675846
20540,0.010895597525691891
8473,0.026385569746996428
54041,0.03676193560995142
36402,0.02584128853076787
28209,0.007146068772036314
30913,0.05625697635333859
36887,0.08883674727989711
26051,0.021624153757972688
33023,0.03204322339070949
11601,0.023084191640972956
32693,0.042773056139557966
35831,0.017466130615994696
48477,0.012635200293146657
17294,0.013074308270813993
7801,0.030687971228412752
2152,0.04642004980094211
51506,0.017727547922728935
39840,0.026385569746996428
6687,0.006570927236159709
292,0.006940755682708973
23209,0.0583456636320348
1349,0.08109786625874844
8908,0.02149394739456387
4248,0.025260829128729165
37014,0.042028235002159714
19438,0.013692180319154493
41598,0.016137890388631417
18432,0.03607134089294307
26436,0.03004278909336125
16507,0.0136115692248358
51758,0.012430618144266756
28641,0.028981257460025493
18178,0.024233168565748434
17115,0.047919165510529625
1390,0.03245711894332275
39416,0.02150409478200239
49275,0.20384920519135624
43149,0.0431037922785206
44061,0.020861438540052943
45125,0.01021633395990651
13868,0.022969443261768
55527,0.026385569746996428
53841,0.023759187327776255
42672,0.017448618729262563
46020,0.03699722348924672
45509,0.025989654742149988
4229,0.019662877355360635
3104,0.03052866203218246
42912,0.010876021608800355
49004,0.013847722114906123
1402,0.026385569746996428
48301,0.020654352027942566
25392,0.019270670271054165
18785,0.026385569746996428
17890,0.032747531486416764
7360,0.016448204411292255
17510,0.043530256242583915
56601,0.00872212208905974
52850,0.012381151972370085
22240,0.02118068307496078
47751,0.1739877772617662
6482,0.021522285806496615
4060,0.022815382995583076
28053,0.011022026904570114
38260,0.02135418638325672
38903,0.03731432885181619
27116,0.011104414688002814
43928,0.013324318537988981
40374,0.02337132201158914
42279,0.018676804541270686
37913,0.1433331044140054
33373,0.017668736603077367
33692,0.033635197493492204
36328,0.013676402628277406
32855,0.026385569746996428
8550,0.04388977031649689
49586,0.03742031685232803
20148,0.021490216730334223
51316,0.012762267743835064
33886,0.011499035707305911
55145,0.021748626136743016
48311,0.10552809961052995
3653,0.017554607027786426
31970,0.026385569746996428
2095,0.06084632518381988
22548,0.014837865532296896
10609,0.04896643613310822
5324,0.02464121668454969
16408,0.04818501684071392
16648,0.021947993064317776
30181,0.028505959451026602
14019,0.02584917961657226
16582,0.06338468371841706
48453,0.026385569746996428
27947,0.026385569746996428
48173,0.01886475787512028
18393,0.026871414299533318
5739,0.04954127807087346
971,0.08923819234447182
52006,0.009133841573267519
29458,0.027973630760422974
39474,0.027508945266178964
34999,0.031138000414615282
54318,0.036923947776406986
5843,0.021739279209500285
53060,0.008016931114587995
19972,0.02859248070301706
53719,0.02497925435382105
8370,0.06240286025529325
25719,0.024475193483007886
44211,0.026385569746996428
46178,0.01842044843873378
14788,0.021958686698164046
7133,0.026385569746996428
32318,0.008226292309865832
8676,0.008199527951087514
38037,0.026385569746996428
47672,0.3706008877531211
50322,0.009446627338963514
34951,0.026385569746996428
27732,0.026385569746996428
38576,0.0242307041592449
46239,0.03186222934936163
22292,0.02826804510791789
7318,0.022847277361517038
36149,0.02332496273231772
773,0.031834126848427444
11897,0.026385569746996428
31124,0.026385569746996428
25273,0.017997361690095
8993,0.02497925435382105
55551,0.023582277959038698
47286,0.05965447625226715
32979,0.08321051942076876
20851,0.02263999214313952
30205,0.029070824174848325
45043,0.019626969285872924
54836,0.031562504002133215
39211,0.02326761522453523
27423,0.026385569746996428
21171,0.039626642547769035
9069,0.02534929930404139
22096,0.009883212247406686
23269,0.030820923577106592
47878,0.0663899487307291
37239,0.025351618277441892
56563,0.01861591144205464
28077,0.026385569746996428
35455,0.025308394338990063
4374,0.024743227211722268
6468,0.020248750065296802
25164,0.02019991752248379
41983,0.027660281251537366
15293,0.021666143868663217
9170,0.02769050520751929
18533,0.014843391399900806
2072,0.0303313384346942
46284,0.09971879591401907
14286,0.03078602174397805
51978,0.019920776021730008
38942,0.03319268254878242
50478,0.023590801784217366
2008,0.025998237686640138
28717,0.0383648342364007
3222,0.026385569746996428
52157,0.019412535216271447
20160,0.02328708043636843
12487,0.020173652424600962
8564,0.029077816857935073
4465,0.02360904212310483
41376,0.02216834488641502
19529,0.023867201377502888
14354,0.01923371964148359
5920,0.024475193483007886
15602,0.03321025579388426
16810,0.019769719771991972
25686,0.028065515597414582
34029,0.02930665880749526
51213,0.012054098289671734
54523,0.015335169564203272
19106,0.03703496465283106
9738,0.029061242039592174
35304,0.03751015851851414
24292,0.06821384769636886
34095,0.0633485786787305
23015,0.011112748860397906
1165,0.01850740962076923
50955,0.02007952282306201
906,0.018702973916575234
25576,0.026385569746996428
16275,0.026385569746996428
41741,0.0583467150420358
9731,0.02562296706658425
6669,0.015972156227158262
19260,0.0274670996474933
54016,0.02497925435382105
55652,0.007702239615523423
18159,0.011499035707305911
50674,0.0524810207831522
24341,0.01636151358899298
8506,0.01110089991362952
2807,0.02858110616256155
11489,0.032269252744056884
34465,0.019662877355360635
6400,0.027582212358606143
39232,0.023874841218106724
34347,0.026385569746996428
52730,0.02497925435382105
588,0.02962149171642469
29840,0.026025780651159715
29101,0.020522824653899468
25787,0.023138103789466437
42304,0.01297815908162802
26542,0.019662877355360635
25326,0.03744685385934558
34343,0.07273564027890343
53170,0.010455487625648562
30050,0.02084007880563832
56016,0.01997775740925737
23374,0.018558175166173464
54236,0.033500229259383923
28051,0.026385569746996428
23964,0.03324612118731746
19421,0.026385569746996428
50209,0.014717144370874714
46753,0.0367602586377827
48138,0.024559094577770856
2780,0.0363418456104153
36615,0.046149625347212384
53486,0.06289010406209253
55497,0.007394679863866712
35922,0.048692004156628096
35392,0.021504312332691004
14081,0.06850643668469487
12486,0.026453245169881297
20005,0.025626659868608032
12728,0.026385569746996428
31456,0.026385569746996428
24024,0.026385569746996428
57042,0.023308845025500635
42776,0.029638384684634145
26967,0.021701663732929203
53925,0.015472634040948455
21822,0.02118068307496078
49462,0.1322396888918945
50673,0.013074308270813993
35156,0.040479121531078625
3928,0.02703615090225505
2608,0.02235379492654076
33074,0.04054273025988532
26893,0.02118068307496078
10166,0.0252384547329126
56175,0.015053566301945886
1842,0.02521773568701277
12428,0.02173056400144958
33346,0.026385569746996428
24383,0.012689381230281349
48743,0.02497925435382105
48795,0.027169220199908195
5211,0.02826804510791789
43828,0.029117265947452085
45211,0.04513669400319317
8363,0.012926208119842714
16409,0.023287311367849815
19006,0.066448702584161
5701,0.02522495833070211
52524,0.028533215837420415
31861,0.026791406919421803
28115,0.028939501480543875
14555,0.026385569746996428
16522,0.07653813249194034
32751,0.021425593961789426
34900,0.06099886468685723
114,0.026385569746996428
295,0.028975435134287388
56522,0.0106444696995364
19035,0.026385569746996428
6666,0.019179772908950277
12736,0.029077816857935073
8385,0.025190184798384262
25141,0.031022647172784718
35373,0.04002891829215784
1618,0.03854411213563234
25222,0.04034874678812856
34732,0.12443254755745616
41466,0.05109851636213757
52310,0.024434011879098085
20318,0.018616442483614926
7892,0.023424275778424018
29105,0.047703762973499216
11708,0.026385569746996428
40395,0.021813708575080453
37256,0.021676664109629675
2706,0.022039802493867434
22980,0.03539036985019599
34122,0.026385569746996428
19772,0.013245671119438453
50762,0.011948009788266734
40540,0.03751015851851414
49774,0.023874802454617615
51764,0.015582015078146513
26412,0.011104414688002814
49123,0.16547323530812466
53098,0.012430618144266756
41086,0.07857369690944675
26237,0.027817210054614308
29917,0.09149710646382536
7592,0.018402313088926224
55199,0.028338948382187812
1253,0.02497925435382105
24622,0.0468910158560883
50881,0.01777374649506234
22494,0.02497925435382105
48612,0.01239387941799505
33631,0.11340378016546822
30756,0.018901637541415956
25959,0.022330136107411004
8428,0.014453830333511173
35970,0.0166849613756263
32223,0.08651003577325585
3184,0.02804910473067324
20679,0.029207627050159248
44595,0.0806786761969242
32513,0.046522587491624
7379,0.0259076289836839
49251,0.0592832820369552
24878,0.014776359236635245
41887,0.04974691291903652
19620,0.024233168565748434
53732,0.008806288494167595
9384,0.08407311111080526
9024,0.024255657448227837
34216,0.05242859161280589
5169,0.026385569746996428
53467,0.012194458148440238
54144,0.02497925435382105
30748,0.027277509485976886
46866,0.027167564774686136
49576,0.02065092590249414
56438,0.029939748267030504
34595,0.01197228250870419
49443,0.015457345440556719
30434,0.01629831223479549
1967,0.006701629684423374
48646,0.04718282462858803
32647,0.0340514606023342
10016,0.026385569746996428
1793,0.04042747722179794
29938,0.0836937533723362
21156,0.02826804510791789
20370,0.026385569746996428
28332,0.05136735013475725
56071,0.026385569746996428
41978,0.024315569444299762
35266,0.09321917855607148
52143,0.014109115527859461
13040,0.026385569746996428
10506,0.026385569746996428
30834,0.09647840409352015
52208,0.02497925435382105
38854,0.05597319447181135
54227,0.026971898601912028
41695,0.04821214893475821
10324,0.02729507266865492
1486,0.026385569746996428
32381,0.026853776553508762
20814,0.024475193483007886
22472,0.026385569746996428
57544,0.016287225770498667
5718,0.03937831589100777
13506,0.025213823666551654
52354,0.02497925435382105
55588,0.010585343747153007
51320,0.02296048591888752
4850,0.027314782895606786
20031,0.0212303615559647
19428,0.005003647881548127
3025,0.026385569746996428
36603,0.010760541771980676
47690,0.05106924441864744
38378,0.04510005116313477
47991,0.013338119741790765
33067,0.014099902957381222
57134,0.01587585802050488
3502,0.02204290673241592
1410,0.029077816857935073
24531,0.0447670816111015
1030,0.029077816857935073
52120,0.014857991997950373
19057,0.0087239651441168
45338,0.03317421024275929
14857,0.015972156227158262
12597,0.0429624800611178
52080,0.03133974939592969
44758,0.03292865433462701
39920,0.028354670371325483
11841,0.026385569746996428
21333,0.014197127419924504
17052,0.019674710372840798
34306,0.08317578741564623
42628,0.026385569746996428
56585,0.02796106165144329
53945,0.009681754504277143
12169,0.026385569746996428
7456,0.020579606675304958
20052,0.026385569746996428
37385,0.02667383132647643
11337,0.02676415442207215
26674,0.023454358131892967
37279,0.03056806022592021
27062,0.01602026979927715
27269,0.07301771602028738
3524,0.02676415442207215
30529,0.023667855405297037
56928,0.015497847370622153
52159,0.02497925435382105
31096,0.030018593830556155
54278,0.011274604716851391
9696,0.02422490713943121
52574,0.03306140094618585
19197,0.03405111305149738
45290,0.046710569821028766
56323,0.030479505769208933
32231,0.02497925435382105
5761,0.03488242962594662
36138,0.029093689578907015
33897,0.04368464952153786
36532,0.07750755498793124
6175,0.033922555491364456
15616,0.045216757518490705
44834,0.015137512878245343
16013,0.02037634662953158
24432,0.021666143868663217
7950,0.024023870274368128
53191,0.00793475168430943
37898,0.020424591724116908
31496,0.040452914682402384
13197,0.02207657677635867
56263,0.008420515260920313
2399,0.04746614880058708
54353,0.019031324127942714
49249,0.02497925435382105
3885,0.023287311367849815
6362,0.02204290673241592
26444,0.01786724884069609
49717,0.011837756965842852
3834,0.021062338396873458
21666,0.03516468025353742
47034,0.030931703905414814
22367,0.026385569746996428
18175,0.039945048634025176
55863,0.0249582689706592
9057,0.025447206087380415
28418,0.025067408976944008
4969,0.04343099688643034
13077,0.03957813711043303
11746,0.020948140417613764
50663,0.017577046502125673
54947,0.012831453323159511
18473,0.026385569746996428
3154,0.026385569746996428
57526,0.010396095478435218
38941,0.0432284862777381
22772,0.026385569746996428
3099,0.02826804510791789
30367,0.02877525665990144
42732,0.04530042970727274
21626,0.013476914298196625
6916,0.020652797797490335
39989,0.015970443013551723
7608,0.015221930701896631
48144,0.02094807300943607
3263,0.023391517326541388
21492,0.026385569746996428
13267,0.0291303777948094
18977,0.018902329745124465
35971,0.048869000449348644
17964,0.0814502734386414
36479,0.014924646828154262
35253,0.09205637267568408
53184,0.0249582689706592
6075,0.026385569746996428
44576,0.011634841031195569
49680,0.0160696478381817
41264,0.018854559746721775
1278,0.026385569746996428
800,0.02826804510791789
49350,0.026298047345900286
8943,0.019032622121727565
31550,0.026385569746996428
18163,0.019662877355360635
56388,0.01924367374000648
35384,0.013514783754757533
22638,0.011104414688002814
36553,0.026385569746996428
14682,0.025289680413208764
20268,0.01805618144354604
56692,0.021660222986338747
8909,0.018731581814669013
54328,0.012217785532785654
26273,0.013111977401898366
13075,0.026385569746996428
6434,0.025702733163672834
33842,0.037234237866317306
3935,0.03040627545658686
27077,0.019662877355360635
22506,0.051502629213780474
47956,0.01829604757358437
39687,0.019264485094356788
24608,0.03454327960862804
39415,0.057018522529921414
37510,0.02943430940692498
5265,0.026385569746996428
5847,0.009333701317718813
7915,0.035302674232854894
31914,0.023676328131673793
13420,0.05503794474222741
40464,0.03768425823711343
54417,0.0756102201620109
8530,0.02870411713701474
23494,0.03969894374455234
49755,0.12988823840338698
28079,0.014848560487718376
45041,0.026385569746996428
43906,0.0107809445121314
56714,0.02072746103943678
23069,0.009710282497241507
1608,0.13744240099310254
22865,0.05511002643947006
46697,0.02055493992049749
4657,0.03131334309227279
2969,0.026385569746996428
25903,0.013074308270813993
16159,0.04873245921925903
1901,0.02759002435114551
40514,0.09385633019530287
35879,0.019586944550892705
38793,0.010818865923817015
51593,0.016902314858871295
2710,0.026385569746996428
12065,0.013281368861279582
47042,0.04560638802029553
37615,0.010895597525691891
52207,0.027445178208013357
10013,0.0206329728847568
31979,0.0357032240347918
1326,0.026385569746996428
53174,0.040244910422362834
44276,0.011351160078904526
44766,0.04163394537889057
37168,0.026385569746996428
38906,0.011104414688002814
36917,0.032264181620819614
23239,0.010377042751436347
26985,0.012629578345988055
14786,0.03610506029500287
57421,0.029153662278914333
10801,0.052287738511986044
24179,0.017966995699051618
23315,0.012430618144266756
52040,0.03385627818826744
3788,0.02588056488972264
39202,0.026352022313010107
45592,0.01813138664354394
11751,0.026385569746996428
22956,0.03141612795550194
30163,0.02216834488641502
57146,0.03429070756311813
6528,0.044350668955199506
46058,0.02648449606513244
26156,0.021666143868663217
21082,0.01682707373202117
19498,0.0191295225121158
47495,0.0161319703961298
11749,0.022625599479826022
50797,0.01603767600443684
47840,0.026074397943226597
50497,0.05993568890184514
48304,0.0465939580683423
14494,0.06584578119038079
30745,0.03714370476047723
32960,0.015138351589685505
27831,0.03892885921859456
17700,0.06289010406209253
23310,0.022640012543257336
7475,0.029308386873705204
12353,0.056441151056199096
2449,0.01850740962076923
20342,0.01850740962076923
12233,0.023287311367849815
37498,0.022401618090097105
19815,0.02091351407439286
34167,0.026385569746996428
52987,0.013324318537988981
38221,0.01260203214146026
9234,0.025799566726993742
17419,0.040595217675011785
38466,0.052140615044588945
28568,0.021507557989554577
45605,0.053892044316813645
19269,0.016903542923570696
35830,0.029705928317280358
1288,0.011218271658416037
21558,0.02162190793042771
52641,0.01829604757358437
18295,0.025671462337051774
36222,0.007291382947356024
7836,0.04132936058419224
47313,0.034363895822873344
17880,0.010517270426231322
11987,0.033752618049470634
47312,0.021584717700409557
45432,0.026385569746996428
37969,0.026385569746996428
50639,0.01831703512691541
48249,0.028476227685721653
45062,0.012092868420343206
53432,0.013525304916664056
50088,0.08278204174510927
34639,0.08836548433378397
28476,0.010121203482824722
39421,0.021311370819719917
12331,0.02979886351166502
14580,0.019701844085902896
11765,0.030316720233448304
15825,0.008758286338695496
56978,0.019133179671830383
26890,0.012440927028257413
53424,0.013213664411513506
52754,0.0249582689706592
50228,0.038473469852491025
10821,0.024341341737653746
45431,0.04921780865123669
56773,0.042295180518640146
13826,0.026059537045890476
33904,0.08528244829917118
31155,0.027732189506634888
14473,0.026385569746996428
12477,0.007979588719265745
18104,0.05273204167547373
47038,0.024397835909438524
57608,0.023840092185099616
49944,0.03541873756817306
30088,0.02106490195025338
27078,0.03024394229432242
147,0.00999117856788093
36922,0.046049056378650956
13618,0.021547779676641426
57326,0.013994087518781081
47180,0.06124157560982796
48084,0.07111160068874148
5394,0.024391592295211432
56818,0.01760863835614269
38279,0.017280399429253312
6373,0.023854144351180474
6921,0.022685670717684556
42819,0.02071164535798959
28414,0.01318373584769959
40341,0.043553759374744205
38012,0.02044256777622054
21897,0.036234792289107906
95,0.026385569746996428
31610,0.01718897312200371
40212,0.02497925435382105
54506,0.037064678006311885
27403,0.017531815705920085
49953,0.0370252743110441
6,0.05028539844712581
17894,0.05730450457035151
22140,0.01661024451843268
19021,0.01705937242319147
39871,0.011540452208220203
21733,0.02412451785714796
54591,0.0249582689706592
39031,0.03143491488570914
46743,0.011687224655775864
16379,0.047559527768949256
898,0.022052745716493495
9172,0.026385569746996428
49340,0.026385569746996428
30309,0.010895597525691891
12371,0.02070329570389835
3697,0.029393670523684103
47974,0.026385569746996428
10689,0.019662877355360635
21092,0.02486166937791249
13270,0.026385569746996428
32431,0.04331234076210937
11245,0.019662877355360635
16064,0.022726785003141462
32545,0.03204322339070949
659,0.023501925824799565
17692,0.06289010406209253
54158,0.026385569746996428
54019,0.007483316730644595
24554,0.026385569746996428
48297,0.02497925435382105
11061,0.02309857271721225
55522,0.014996789155402155
2758,0.023721077287553002
34971,0.016748451191606523
40132,0.06341741535387216
4503,0.027491506336442872
49361,0.011724798346405515
9093,0.021967986892011664
14759,0.030326686445210117
22425,0.011104414688002814
41274,0.03995066992224727
31063,0.05511047118174218
27625,0.018456559720339296
22468,0.019804556791734526
18517,0.026385569746996428
20168,0.022726785003141462
17208,0.03778471398067431
34913,0.056659767276273386
11915,0.014944592881887427
48075,0.008705637419625446
14946,0.06328021701761621
48683,0.08225643234352013
21417,0.03423223702817884
8426,0.013245671119438453
54152,0.026046238410214504
20840,0.01657726531242191
46242,0.011948009788266734
22610,0.020924270583765142
19308,0.09964178828195834
38338,0.010895597525691891
10630,0.026385569746996428
11861,0.027648215088964635
28720,0.031179960418775837
36844,0.026385569746996428
3425,0.04123586939650313
7708,0.03360644248590422
53387,0.019467873947068212
13205,0.004933212882083618
42974,0.0331817119901828
9450,0.057213601602708476
50353,0.02975191081409888
29108,0.00949712010761032
43621,0.02982429503777623
30459,0.024933595584600843
24994,0.02051207905026007
36238,0.036536902895623766
33345,0.01729407703685467
35348,0.021197586663107643
23403,0.01792611067608796
55026,0.02695842760322482
20206,0.014434009694896253
55158,0.02497925435382105
24645,0.03201860940510417
29918,0.05825051825042751
4144,0.05861934961608651
48234,0.0444932371061141
12153,0.017210071240283304
17319,0.026385569746996428
36300,0.07411339898475122
23096,0.024475193483007886
1256,0.05525789109374448
45567,0.014911793018614743
22346,0.026385569746996428
29599,0.03690203839338598
12193,0.01909983900760173
19848,0.02403422223699557
40543,0.01299068297493055
56256,0.010700845984306971
231,0.026385569746996428
54607,0.022317189255043633
56657,0.034825222281900915
23314,0.02232653180769795
34141,0.020811864259597333
38691,0.05598954196368589
23317,0.026385569746996428
8249,0.022316236589382824
35404,0.06254628076941406
51266,0.015679609022793136
40269,0.009593716708591944
54044,0.02450512851037676
25569,0.027940167257570574
35037,0.024093441831150624
9976,0.02497925435382105
17132,0.05029334957730028
22965,0.02702790088262246
43690,0.06121447959781486
17161,0.024561389941126378
54923,0.028801815581816246
8035,0.008188739562239714
10628,0.05043093862574632
21583,0.01089012252692941
29159,0.016182802995356106
51879,0.026385569746996428
24069,0.026094371216183125
55056,0.023099521619058695
50836,0.03728939440387507
10434,0.026385569746996428
40781,0.031374636933060085
20314,0.02826804510791789
22087,0.0364515865345594
41531,0.07260242130990846
15101,0.02995797324988966
20227,0.014717933496831224
40632,0.04006118645590518
21846,0.011104414688002814
9056,0.02218774130715558
47239,0.03053337052126909
41581,0.04072654241313206
13561,0.01072472840934003
42164,0.02039309397729915
6558,0.032169578724278426
23098,0.01048829515263511
45612,0.15208461689617805
42126,0.10009689569395315
6705,0.028428293370528133
29074,0.06527841740944561
10020,0.021967986892011664
50203,0.10267215329767
25873,0.026385569746996428
34009,0.018263539207481368
20912,0.03665217063183294
57534,0.053075551004431336
42885,0.01743089899959957
16962,0.02522495833070211
20682,0.03204322339070949
9544,0.025059659521707887
47635,0.026385569746996428
28396,0.02826804510791789
11077,0.07101366089432185
11838,0.023287311367849815
7027,0.017182970373091657
40151,0.06769732094916706
4679,0.025260577379660767
45804,0.06336357513902222
27259,0.030032345397177654
2980,0.021958686698164046
30861,0.013249718480965723
4196,0.022492872165543857
14597,0.02118068307496078
28680,0.025092211344759495
41761,0.02044215862229554
52038,0.026385569746996428
4028,0.024233168565748434
45348,0.012246212693367854
22014,0.04475321837016372
5537,0.006620425998688763
20861,0.19329455175450694
27019,0.02873497458933498
7515,0.02892675436025515
22944,0.02826804510791789
34907,0.02691983682550417
15703,0.028975367417181135
55888,0.013767751145484468
55937,0.05386768451618122
14391,0.02203305369885827
57359,0.01936690179292768
40682,0.019727391516234677
56432,0.04956816057014348
7161,0.07518885951053081
27487,0.013610804328970444
7258,0.024598810847682413
18346,0.04642004980094211
51720,0.014281062982829457
37513,0.037927463051987284
39237,0.017977623342757564
32604,0.02349341578035219
18521,0.01029637582283059
7343,0.015030244570175318
55748,0.0331973871165469
6111,0.02676415442207215
48722,0.02638927386386479
9008,0.02387893952734618
53362,0.03215750443295677
28580,0.02201660262314463
32110,0.01643095156855209
18786,0.032578710919021925
49256,0.042127177045515087
18528,0.012041219846493896
26463,0.014108450461307421
1621,0.02826804510791789
26628,0.030273995036393574
55695,0.01237267045697148
9730,0.024464284479183994
3248,0.06289010406209253
12266,0.019662877355360635
34795,0.07565990141705498
25526,0.02826804510791789
28993,0.026385569746996428
29965,0.013664512266396827
28480,0.011104414688002814
51957,0.0249582689706592
7760,0.032630509651737034
34197,0.015002796461526892
36236,0.03760482358882031
2574,0.010133299477072248
20275,0.0364515865345594
34824,0.027053045306543712
27688,0.026385569746996428
46952,0.025514788377127406
53649,0.03579137938977781
16429,0.03648027923215753
13289,0.037922907802107546
31687,0.008625741417806608
34941,0.03223205082992784
9561,0.020814837641127525
28978,0.02635748859099271
26781,0.03266507452423593
42486,0.01472982646036915
52403,0.026385569746996428
41930,0.027265471738550928
5345,0.04387256814935544
19018,0.012944812986208476
22500,0.01857728905686036
24567,0.03180034937471087
57123,0.02497925435382105
33774,0.02146314832140675
25632,0.023213607116578466
42769,0.0312131684343697
47181,0.013840279086389238
5512,0.02167705025436233
47586,0.023499883897641245
54852,0.0658010352580773
26516,0.010378801802838265
6478,0.027573706197057696
29673,0.019126209997681654
1916,0.029393670523684103
18959,0.011643016086139957
16284,0.02267560030489951
55968,0.05260907373230319
34,0.04642004980094211
13996,0.03172500031305532
53399,0.026385569746996428
3393,0.026385569746996428
32533,0.0562266260619955
32144,0.026178733243460612
1736,0.024116204286302168
48687,0.01298964688090494
43493,0.026047217802717085
5777,0.06609864275096278
13813,0.024475193483007886
16305,0.026385569746996428
38571,0.029639938494132132
52716,0.020354819030621803
7984,0.04256703877305044
53660,0.00900332696496015
10034,0.021838678567266494
6685,0.022640012543257336
34687,0.04018736980759502
3181,0.1060048094555073
23735,0.026385569746996428
56512,0.050532188347901734
3156,0.03507715918804723
21095,0.016131465320127533
45764,0.03751015851851414
708,0.01918852562081269
7251,0.02373998139696296
29726,0.04118820803727016
33354,0.03223328402336408
26030,0.01448977574701993
26334,0.0825852604691184
2098,0.022726785003141462
31884,0.03760371886502892
49814,0.02867757215538648
18921,0.04042747722179794
14092,0.01774941497152883
28636,0.01863428089505838
6912,0.027940167257570574
16671,0.0483301966160001
6036,0.026385569746996428
47567,0.21821222315152025
23257,0.028619012894143623
15518,0.05733373431241471
34135,0.028102056268129286
41220,0.014752720753990707
22734,0.023767887898843404
56498,0.012570547410702014
4168,0.026270018224590432
1655,0.023867201377502888
35134,0.02450512851037676
11459,0.02129229729978548
47962,0.09718722411768323
26471,0.026385569746996428
34756,0.03751015851851414
36589,0.019717520480129706
41272,0.01889312708163353
42895,0.02751733845032505
31402,0.01733358643483225
35388,0.030023189556508994
12248,0.06430022328294593
22777,0.024818952175340837
40261,0.026385569746996428
10930,0.02826804510791789
41083,0.08351916871468744
15127,0.018402313088926224
25786,0.013648942807724147
57523,0.01715298107105414
25048,0.025012603349891506
27393,0.02328708043636843
44158,0.02915655578042929
42214,0.15674786122366688
54932,0.0250711319605268
57361,0.016648665782994093
38681,0.045970488649295545
5228,0.034440080063693194
31083,0.0309488709471696
3467,0.029077816857935073
15056,0.02497925435382105
19671,0.026385569746996428
54055,0.014879052276194604
46808,0.02616923143016623
25621,0.021755568655246266
28889,0.026385569746996428
41358,0.026411610453842778
22073,0.02118068307496078
21829,0.010663201390298659
36791,0.04687315591054849
51477,0.011104414688002814
51597,0.027882757224215137
33873,0.03252541688207662
38319,0.026385569746996428
18668,0.0348976216438059
53724,0.008197777490332705
26895,0.03709640803813887
41595,0.011210387781882488
48350,0.03544679530845612
45035,0.011781919745912537
46161,0.03797545238714791
35945,0.02154567038646156
45530,0.026454859627171676
7528,0.02347101055379064
40176,0.025143837809195112
17037,0.019769719771991972
38824,0.0576803481211905
49828,0.01339895090480831
21861,0.005613824577366547
32494,0.037234237866317306
31453,0.015145146986872872
24056,0.026770563447498365
36372,0.029654349874707695
43249,0.03349567684421183
36061,0.04601343297348027
10758,0.04043318389803441
1180,0.021395199457053093
39453,0.07574446830785558
37433,0.03714370476047723
8578,0.04431385444240199
26101,0.008886896047469846
35376,0.09647489039613318
32932,0.02165372182244036
29128,0.028836661638730342
22442,0.009115240083167428
50919,0.015307338902750997
7250,0.025757362662599093
2493,0.04858015287727425
16269,0.05499519542417115
32468,0.05249365039644712
253,0.026385569746996428
10742,0.029319525214229914
45059,0.03723000037389845
47160,0.19486192900151827
23742,0.03411237740824254
20766,0.020002553251077703
22213,0.02301363746086288
12347,0.027101136939109448
36334,0.07076440752807212
17063,0.04552770718333603
51252,0.016534957006752386
9023,0.027029382087634182
11256,0.026385569746996428
16114,0.04746247259249257
31361,0.025376011351687763
11960,0.022726785003141462
51552,0.02497925435382105
38297,0.04752674297136626
30074,0.11729733427894408
44316,0.014793594369344765
24595,0.010895597525691891
43666,0.04469123301170601
285,0.04507904963011859
28870,0.0739716438598518
47292,0.06180497611152384
13110,0.021637655840830855
1557,0.024264897339945298
26595,0.039213767953666434
29013,0.025451935402017924
14381,0.026385569746996428
55865,0.027358064269215953
22583,0.04491339568776
41221,0.01765701937220302
1372,0.029077816857935073
42768,0.039867345447984544
4092,0.02421008966998417
1824,0.05625697635333859
36063,0.03449024061683431
43669,0.027940167257570574
25455,0.02135901797175137
4252,0.06525216089255059
34989,0.011533260458935254
27461,0.04263389052734126
17782,0.04042747722179794
42515,0.026934002079956994
56972,0.017593363752733193
9169,0.01791361729035113
51855,0.0249582689706592
22904,0.023854144351180474
33780,0.051000397257750435
4347,0.02497925435382105
2907,0.020652797797490335
36012,0.04224949427836032
16030,0.026385569746996428
26479,0.04042747722179794
45653,0.017563083978200233
37445,0.026454859627171676
57142,0.037610859196824366
26679,0.00992263781625829
19349,0.013504716749510978
24093,0.011025893699503901
5711,0.028827912245062627
10993,0.020346345312494598
23109,0.04600276442483941
13757,0.02295510472862996
49097,0.05367607392676823
10636,0.022371740734076738
36215,0.030940863242453792
24957,0.026385569746996428
41484,0.011243128538468062
14401,0.04199365102374571
14187,0.024199475783724642
42592,0.08903755840921156
33908,0.005977080078348337
11032,0.013902183590153492
21496,0.015340836137643806
42671,0.028829330397342888
4609,0.10289956183884293
5266,0.026042899744083907
42979,0.026385569746996428
6948,0.026385569746996428
14521,0.02497925435382105
1314,0.031195190192664386
24263,0.021917435418574688
56942,0.0693670274660307
22305,0.01798011788924704
4289,0.02941257723765228
50777,0.011104414688002814
39719,0.017932214369316513
45233,0.08132571874724026
11518,0.03862663097680269
31223,0.013307381029721644
44858,0.02923546880645423
44346,0.014016794107802067
5488,0.019299053293279245
10791,0.02048825592346243
34086,0.10904776716692202
15744,0.05108552357771724
1696,0.01850740962076923
44325,0.01997461168914209
12414,0.03864686142733557
49164,0.0173650221355899
48027,0.09345600192345552
52011,0.023239259152309268
29005,0.02535754566692481
23966,0.011364826486670199
34942,0.041820429336039765
6293,0.01673125071469439
842,0.025933630249996734
6927,0.035883584385824716
22198,0.026385569746996428
3037,0.025554963140101774
4128,0.019407955739524266
20716,0.045728391319579786
7175,0.03420978681120543
7687,0.02798174870280756
25076,0.05120541235408574
29701,0.013467084412862707
26758,0.015403594201686237
1090,0.028428293370528133
37612,0.06086990920517779
2463,0.009331638080881378
32173,0.02221005858608094
54901,0.01715298107105414
49728,0.4669944142462319
14712,0.026385569746996428
14894,0.04372772098891373
12532,0.015622393292133106
39245,0.026015211921083175
949,0.04434053635043543
1483,0.026385569746996428
43479,0.012480753771877998
51030,0.020487487634800877
18794,0.013926913391028216
54688,0.012186548283553271
39059,0.023281406639913984
20211,0.010850085074842622
12909,0.026385569746996428
8331,0.025236193397320722
25194,0.024233168565748434
34745,0.05723319537179566
14771,0.025447206087380415
25915,0.025622240320803236
32389,0.01105866676584185
33928,0.014682727985656664
13363,0.026094371216183125
26725,0.06543225070226293
40620,0.016104273403564042
36239,0.018855813874116025
26676,0.01875135221692786
17009,0.029277430047393246
28971,0.07534964371862055
17432,0.06194068488417595
17726,0.02101987714212069
55445,0.09986728816187658
19107,0.02826804510791789
29291,0.02701348747574221
41423,0.02481101836296882
17342,0.019662877355360635
36452,0.022138457130414246
3375,0.05542588542524014
47367,0.025996416358436338
32810,0.04187836618245229
18378,0.019662877355360635
30710,0.026385569746996428
6736,0.029577770607193746
19765,0.013074308270813993
41745,0.055614148038957395
44849,0.03391962728825854
50146,0.019304050521101575
12932,0.04317868319914135
6994,0.029077816857935073
48109,0.009913625581371332
5297,0.018820276158566088
44182,0.03621255603203987
36800,0.06507389113317853
48567,0.02049130229449842
54708,0.010627794448692728
4108,0.02295510472862996
32964,0.05206152284177717
28372,0.043920560516264855
22086,0.02195739093312465
6388,0.021395199457053093
23491,0.02367580684892387
50589,0.0144934121361035
27243,0.02333490383741097
33680,0.030765003143499454
24742,0.02345403831392965
39000,0.017313204446309318
36928,0.08664135553365712
46926,0.08567162519261898
28089,0.02955107657876788
33667,0.02484378554444471
13504,0.023284293592029985
9462,0.021660222986338747
11475,0.02118068307496078
56191,0.013074308270813993
23980,0.03591433189813135
41225,0.05522335289835112
18465,0.02522495833070211
34041,0.035248961070962107
14875,0.02497925435382105
36909,0.07382260557705031
11203,0.026385569746996428
24876,0.012216795024411855
39324,0.012936328813190493
36353,0.012720230586699145
54238,0.012430618144266756
41324,0.02665397958858493
52126,0.021714111700319956
36924,0.04078722943155634
9621,0.044003093306074624
31720,0.007266282296487484
44963,0.014197127419924504
3593,0.04168576343404925
35054,0.015972156227158262
22915,0.03568642844769437
29208,0.02497925435382105
54292,0.05889629615624674
42886,0.051373938440038666
56305,0.015709904634471944
16732,0.020200864318486566
47559,0.01820663447704395
53277,0.024384966754446104
3803,0.024499376354436567
54550,0.02497925435382105
15626,0.015166559026219328
25267,0.047051570868347464
50527,0.02185713325388425
2522,0.03636030654931646
47508,0.018850798334683363
3142,0.023371584204856685
31604,0.018683764438455583
44310,0.025876686507404198
38443,0.026530077717495906
39149,0.012111016100805323
13190,0.025644261266626986
37515,0.06868562793509052
30422,0.03714370476047723
1603,0.06765726972119052
8153,0.0668390569605356
2814,0.02826804510791789
44763,0.026104662165729008
40023,0.03424347779837546
37802,0.014882028740380415
33026,0.06781934262699424
14384,0.05605134630142096
47940,0.09031193203808227
17638,0.01366639993873364
34002,0.024644203487678797
6769,0.01850740962076923
47069,0.032979464696411505
38755,0.02154567038646156
51295,0.041949909474567976
24508,0.026385569746996428
52104,0.02209202279099545
14430,0.0203670741910097
16688,0.019662877355360635
24190,0.026453245169881297
15949,0.04872050449685002
43969,0.05910893249555424
54129,0.014715426138279725
10339,0.033085733652228645
41437,0.055743733962502415
7602,0.02731975406881725
14832,0.04888524706772515
57083,0.010429273400304983
24287,0.009069579913260514
34520,0.03456396916682062
45696,0.03221887268382902
24513,0.03480530565150356
43532,0.026385569746996428
80,0.06646457987429741
33508,0.013324318537988981
16946,0.026385569746996428
26174,0.010182090874662533
54970,0.02497925435382105
16657,0.02497925435382105
3940,0.1386783019122663
24814,0.04231201181359836
41172,0.04038391616002147
35535,0.026385569746996428
41113,0.042351396413145524
48363,0.023113866682161692
10946,0.02497925435382105
19469,0.006364913768130287
29116,0.0730150070823601
29955,0.021660222986338747
26481,0.043537518921643564
51647,0.009250711821486445
32631,0.021319496075737698
6429,0.019855300961742525
27147,0.019915639167550923
9232,0.004402776804958569
37883,0.034194090811877444
26247,0.026385569746996428
8786,0.019895804543333322
10212,0.026385569746996428
11873,0.03117552359353083
22088,0.027142922034803035
9848,0.026385569746996428
25292,0.011104414688002814
1670,0.019662877355360635
50006,0.013531793518647089
30427,0.07944267279189379
11041,0.026385569746996428
28035,0.0775325306529795
22067,0.02421932374835656
29646,0.026385569746996428
26356,0.006002220469653098
35848,0.0309488709471696
11917,0.032351563925875244
48693,0.039022700066177154
18707,0.008181697317230743
8297,0.01359282800434832
2298,0.029077816857935073
20815,0.010895597525691891
8713,0.01144201527581297
54879,0.03259589810744415
15278,0.042483889715015086
2309,0.09290393745651113
33105,0.026385569746996428
24705,0.025283829505073387
44101,0.016681277322630084
40062,0.024678095585409218
34757,0.01785683202846327
39614,0.025467452753797894
8925,0.018696726664411634
22856,0.027314782895606786
43444,0.052910002547978306
39730,0.037708510932732454
53600,0.019259220803045193
30182,0.010762209489271087
53499,0.027025034562781432
31919,0.026385569746996428
19085,0.02497925435382105
55839,0.018056404280802515
23415,0.049769908418576224
31783,0.017604720640630032
36979,0.02578326145982502
53920,0.021660222986338747
19243,0.06740265748984824
38539,0.05159526857365973
5751,0.01957917706275119
34509,0.026385569746996428
10853,0.026385569746996428
8238,0.015815852869278856
21069,0.01975019730588514
25607,0.024644203487678797
10675,0.026385569746996428
37110,0.06092789727009438
35151,0.035248961070962107
29226,0.05159526857365973
52647,0.02607108781110287
14898,0.026385569746996428
48010,0.17904821614942976
9580,0.031790094676322
45593,0.012234853057091412
30812,0.021555240531804108
57151,0.023520880351974513
34736,0.015980695542779734
36604,0.0216738859126659
48844,0.09538443396423052
47490,0.04862964193168534
27347,0.018296647862784274
21772,0.028543524513080194
7481,0.044694476374347966
52407,0.014378625352830948
21130,0.01894137868668593
33247,0.034207496183086473
51673,0.006442930053356294
16113,0.041154279476688496
44782,0.03389149242298431
28714,0.0804668263062822
55924,0.009191800220896008
7209,0.040448000737909426
13661,0.01850740962076923
4233,0.02118068307496078
45064,0.01769485243842721
49163,0.09848156092605495
12110,0.026385569746996428
10708,0.026385569746996428
6390,0.02293460797995445
3882,0.01850740962076923
9932,0.028426491851969507
45025,0.03377469348349226
14064,0.01902161845477746
48779,0.05036883735774468
16778,0.01846770994053511
53688,0.026385569746996428
39330,0.050533110932961596
48619,0.015302800915926323
12141,0.0321395010955739
44626,0.21155199032495178
16516,0.03438928702725746
3918,0.02826804510791789
2851,0.011508966038283754
32644,0.013626734076759966
28154,0.015511096616154681
23399,0.02676506188552022
8296,0.07133473771348606
19293,0.028154627231175112
37286,0.05691269248635819
8540,0.018983125523887166
18010,0.014197127419924504
11648,0.027946783705413224
34778,0.06326163847223007
5784,0.024880343200055773
41565,0.04043210720892926
14972,0.024749704075549498
27130,0.01121763795013183
41217,0.02497925435382105
26704,0.031676767376991224
31805,0.013384835993257611
52883,0.06648115435981221
24907,0.0250866560998919
30322,0.05490661168349783
40907,0.018396123030301817
36229,0.039867345447984544
5747,0.0432216397675512
9937,0.020977624505283097
42363,0.014368727363943068
10089,0.02826804510791789
55053,0.02677723046694261
14737,0.02826804510791789
43280,0.009184744575015957
55224,0.019369032501884577
50810,0.04245621247297689
27879,0.026385569746996428
4155,0.03969397536417854
49534,0.02979801678014372
27485,0.029185849802186584
31387,0.059009998713707615
25341,0.026385569746996428
14766,0.026385569746996428
21864,0.05160455181091015
5707,0.021033627312326227
1590,0.016685444616503824
14277,0.034202726371244385
36669,0.05110382768442101
23073,0.01297815908162802
26388,0.11304399031388698
6232,0.04499901358299372
26042,0.025121975170687184
30003,0.06884796786596761
29132,0.07416032797102255
52601,0.02497925435382105
6165,0.026385569746996428
6650,0.024445229991827713
21056,0.017893391266247394
23743,0.023095698789073346
43156,0.018833648515115375
39565,0.02985011769159279
42622,0.026385569746996428
32547,0.054271698645358225
38479,0.010895597525691891
14467,0.011489308430298256
54515,0.012733399403871483
33675,0.03587882563519419
39118,0.01850740962076923
18622,0.05547740773611849
16889,0.03371632911879225
11037,0.021095089260960553
10676,0.029158932297613925
44274,0.022700704049324255
30899,0.05137539109144418
14180,0.029077816857935073
32841,0.07138073989746099
26493,0.01816520603799252
32155,0.007088978737014134
41249,0.037004155120416826
12400,0.033014681196076034
47167,0.013506529233388692
6821,0.031813547642211296
55959,0.040949999584274574
34774,0.01895409366678979
3288,0.02753206604176121
51610,0.07216432112055948
36825,0.1618497281841314
40203,0.07193668803208994
36424,0.10749979254489388
36623,0.05697548627504953
24786,0.009787066552247132
48506,0.46631983078016126
25841,0.03714088160125155
926,0.04642004980094211
1194,0.02272538211379308
21599,0.029538555516998043
1975,0.02154580792370062
18273,0.018487332223919187
17124,0.03596864040105279
36252,0.026385569746996428
31256,0.04553090054891906
25136,0.024818952175340837
38008,0.021660222986338747
48422,0.01829604757358437
6752,0.021947993064317776
13976,0.019662877355360635
41712,0.11920398798474789
5205,0.029995783837688732
6481,0.026385569746996428
62,0.038518011064426705
18878,0.015213917353661762
40853,0.01144242221595029
45582,0.039235950829509134
35826,0.02512436051825581
14431,0.02826804510791789
28426,0.03814134292934133
32386,0.018137922810414323
46464,0.02497925435382105
6939,0.02118068307496078
15650,0.026338110791163882
25870,0.007516615898495494
4568,0.020422439958198646
54613,0.02699285958608114
31061,0.028981257460025493
17523,0.026385569746996428
27090,0.020794793830023063
2322,0.008086648064209273
24223,0.026359909910179804
2191,0.062083817002799586
39053,0.045306372156307124
53153,0.01773409688841428
38540,0.026385569746996428
40398,0.022122387158381784
32999,0.037580212781262286
23676,0.02826804510791789
37775,0.020111780260883432
11496,0.026385569746996428
51985,0.02070476268676492
46944,0.03159172851588464
4614,0.02724262356493946
53690,0.03728901742317542
13287,0.02826804510791789
31986,0.037234237866317306
12027,0.03787282191852751
39728,0.014901008067688107
28932,0.040021076596142915
55798,0.026385569746996428
24001,0.028106210565974583
46310,0.09032899797149166
57282,0.021660222986338747
34772,0.05159526857365973
55682,0.02497925435382105
21477,0.023911687648639757
53119,0.055802042949757394
30729,0.02044888995222961
29313,0.01821651150998972
2296,0.026385569746996428
25804,0.011104414688002814
780,0.027433424085979454
54867,0.00959400167347712
53520,0.01715298107105414
4265,0.026094371216183125
1748,0.024954407382455017
31584,0.02691983682550417
26518,0.026385569746996428
8854,0.022685670717684556
21232,0.024818952175340837
25918,0.01692166149184249
41288,0.04583756987107421
19791,0.023555039574080082
29464,0.025727444335281353
25295,0.016223934032083682
27321,0.05223283042500329
39049,0.019661713796762438
42817,0.020443851238560108
31089,0.017529696096879297
9955,0.018436020269627665
52687,0.027940167257570574
13542,0.04071541029570093
22799,0.056737063129057456
29021,0.025451935402017924
10460,0.02826804510791789
17160,0.059287099286612195
22573,0.024475193483007886
11048,0.018471804675320922
18554,0.02340314881854311
45255,0.06720652651513344
30777,0.11328247194412643
9281,0.02417843146003716
53240,0.02497925435382105
32588,0.0486881519433797
21900,0.02390038378527327
9654,0.02101987714212069
55460,0.033255924032429364
45070,0.018261429657730453
15502,0.025630160483397186
52417,0.04392517706450998
25911,0.017210071240283304
14808,0.026385569746996428
53713,0.034882905787411385
12435,0.02497925435382105
16131,0.02241521461844783
37989,0.06853394366435689
30389,0.021724123081313215
13726,0.024189120231442894
2436,0.009895607706530992
43293,0.03596068913154739
24471,0.03766661403259029
5011,0.023854144351180474
13914,0.0451386818204325
22514,0.01599141757548969
15093,0.010071206222722838
51393,0.01219716948999439
25907,0.02826804510791789
12892,0.01548269100091014
23249,0.0141953545053085
18754,0.04520433515612702
30793,0.017252724203344293
4032,0.010784845727236756
35763,0.01813668410956041
47709,0.07336270026225981
2357,0.03401947730472135
5034,0.020686965105262443
54107,0.03235382989099764
14355,0.018943140867960732
20458,0.007981326884773305
39317,0.018559866337528076
9313,0.027404308233240336
20177,0.03902343615646121
32723,0.026385569746996428
3840,0.06274522435876463
48668,0.03405279882969862
21913,0.04806776413324993
16089,0.025044277982797052
11178,0.11053061676836334
20996,0.03171857830403646
31525,0.2672857396963794
56884,0.05610337832859123
25639,0.026890882642466914
24985,0.013505442975928554
38779,0.03542863089292897
2360,0.015167228971771913
3180,0.026385569746996428
39985,0.05770735312599989
24026,0.021376020337485074
41389,0.02497925435382105
53398,0.010284569492806112
42204,0.0448758920055062
54760,0.025647733527262555
56299,0.013324318537988981
21222,0.014296120553678368
21728,0.024135300901298683
18692,0.012263397359456073
47256,0.016133116248059957
3758,0.02511141601881301
47242,0.044070993047168286
39303,0.013324318537988981
55279,0.022427267910703673
930,0.05423301718093277
14283,0.0773025585859242
55628,0.03354426369198019
6271,0.018471804675320922
9186,0.02067067988342582
38235,0.02257479889094882
20915,0.03256664049764719
9235,0.021621879553421323
44749,0.02409623393556119
49988,0.01718755766725147
23344,0.023282862967544418
40101,0.020133647572988158
46075,0.06356619098041023
23388,0.03724327433512075
35375,0.026385569746996428
52448,0.019667950717024624
56759,0.04854057908097394
24382,0.011909994395916076
52380,0.02709653274132834
42802,0.023113866682161692
38866,0.05109851636213757
1812,0.018378217505301657
33669,0.10996643165159631
52505,0.0077325643223209025
29609,0.026385569746996428
36900,0.014714820453565588
32937,0.021660222986338747
4148,0.03118498669916603
43499,0.01684293517498792
24137,0.01333111147271764
50147,0.020761670905753354
18856,0.012676792101751258
52258,0.02968898677287907
39665,0.024644203487678797
49194,0.04515021894028192
20790,0.024389339299742276
19174,0.028206591149425475
11483,0.031299374117789186
55703,0.02683698449528824
11493,0.04503393029149115
46137,0.05346061642960706
52903,0.019915516240965037
13871,0.1197169278908787
3638,0.029045319822023734
17345,0.026385569746996428
15725,0.07972853474831175
373,0.023557830506593373
52993,0.016878027019156278
8383,0.009377740082476573
16521,0.04891537899660719
7080,0.0364361348847977
543,0.026385569746996428
18804,0.012775002057246207
35280,0.025841590715143078
21339,0.04709571344941904
26760,0.03902343615646121
17919,0.017712725703976914
36139,0.025985866159453145
38124,0.016671702848040287
12990,0.03290568477938529
18861,0.03204322339070949
4046,0.04616704605452105
37478,0.016476284090583205
7667,0.023172578978348967
45631,0.028933895325550095
21084,0.014065323106619272
36638,0.014316738367435057
5367,0.020057535621301612
216,0.027940167257570574
35639,0.026385569746996428
21467,0.04157951403269545
8643,0.02497925435382105
6095,0.02221855095026185
12604,0.01850740962076923
53702,0.02543498408549454
22352,0.041791167372762096
3265,0.021660222986338747
268,0.02497925435382105
31953,0.023880156681650673
46206,0.058562262168691995
50967,0.019876729742197563
57546,0.010895597525691891
29365,0.04984621635905901
20722,0.05970377623636934
14528,0.029608593872520617
24254,0.0273599591265658
53436,0.027438834217302914
55475,0.009860408279771709
19044,0.017723884875816706
19246,0.05035340636726527
48391,0.04017915161476914
30602,0.02221005858608094
736,0.018471804675320922
19386,0.026955419916504637
43998,0.012339143504022775
48399,0.01829604757358437
41638,0.01464146520538411
17817,0.026385569746996428
12083,0.08233850123395131
5348,0.03402966330400177
20940,0.03411622130567007
52554,0.01885776660637789
45144,0.017998786368267895
19489,0.007674881052595821
32024,0.05476341131415288
14658,0.10418132837876813
41739,0.03339323522480586
27970,0.008188739562239714
11097,0.026385569746996428
8721,0.026385569746996428
28212,0.011301751852049563
10894,0.028369303324619326
2782,0.07232810136998127
16866,0.023428364043162973
9977,0.027633808095543066
29439,0.04723592351807675
9892,0.025475692511259123
32218,0.051496247373666246
19803,0.04975425183179347
32982,0.022457509002337093
33399,0.013459741774338368
10221,0.03902579710727405
12372,0.039889677548894734
42194,0.05192386707842197
57256,0.007804968726591727
12950,0.0065815745320673994
27400,0.017670423355686152
51988,0.007629031677583009
50374,0.010895597525691891
44947,0.06841793797410665
18153,0.026385569746996428
46942,0.034893305860361046
48451,0.014857991997950373
27049,0.013500918124746747
53296,0.01829604757358437
18360,0.010220301613370035
23820,0.026385569746996428
18463,0.014982983090209772
37665,0.03335097941574637
30115,0.026385569746996428
44844,0.028717589108920992
5977,0.0546902810297183
37978,0.017444228547284304
44488,0.026137553462493718
1811,0.021396119641009348
53664,0.008848141653771246
30646,0.026385569746996428
51235,0.008670830546622753
1710,0.05028702066685353
47040,0.06250907325359233
26435,0.02600148776176444
35356,0.021088176986261347
10869,0.0668390569605356
19925,0.030050096751233938
55281,0.053260571258600335
35147,0.012887592175812099
52297,0.028038628765059994
25311,0.08089343520634856
3168,0.02295510472862996
1507,0.023391517326541388
16823,0.01578182633306212
24701,0.012732085605875602
482,0.02826804510791789
40732,0.03868420592774411
8020,0.03418950078182976
25866,0.03968000166222519
37232,0.023239259152309268
31034,0.026158669871525406
44970,0.02097395220579057
6435,0.02826804510791789
53011,0.02895471880049496
53429,0.025400674803345076
53822,0.009178151143147935
39947,0.013046324244238464
17461,0.03380928519382282
8500,0.03455082885062326
10542,0.021236934205190565
33789,0.06289010406209253
47546,0.038883803763245475
4,0.08898713191076572
12761,0.026385569746996428
45285,0.02693954181154161
53829,0.026385569746996428
17825,0.011107449571731244
11941,0.017446060720384064
26556,0.024475193483007886
31531,0.02720544538185529
13948,0.029077816857935073
13498,0.03310406525127674
15045,0.024644203487678797
55758,0.010258283421568565
199,0.026385569746996428
225,0.023353175747149884
22048,0.024629100291621096
53461,0.011412768654143089
30051,0.026385569746996428
39831,0.03231153803297364
664,0.04717113792383648
7144,0.02000436471706671
23543,0.08362052464461919
46358,0.026116692353123982
57129,0.029682500029472342
30938,0.041906821287485276
20934,0.018471804675320922
21611,0.026385569746996428
46299,0.026385569746996428
43255,0.03415854380575316
15695,0.04042747722179794
10648,0.02497925435382105
36962,0.13975806338204724
16071,0.023261211956386942
5134,0.022685670717684556
52363,0.016876392268500146
37746,0.056043557959616075
22037,0.014336339273528844
33594,0.026995595813831763
15236,0.029077816857935073
52929,0.025246117198227797
35738,0.04058195148997017
1498,0.026385569746996428
24913,0.013811321139294163
51980,0.024644203487678797
54857,0.038280846500219755
16072,0.027300222447500282
55857,0.03021808504432619
53581,0.011413380969375341
16625,0.0282353520077913
16426,0.031813547642211296
5114,0.02969304446542828
40103,0.026693741594570802
46077,0.03751015851851414
52536,0.017254811140004794
39662,0.023244352649901098
6322,0.023345515011194473
32996,0.05995668978631583
6329,0.028910787052811852
12687,0.04758532890901451
429,0.03375209877260672
30064,0.3194850777430097
19038,0.02037634662953158
10880,0.026385569746996428
4863,0.014066069293575897
18896,0.024903002904792707
12475,0.02216306757093638
7876,0.028861663526910265
55041,0.01120626200089163
49139,0.018158024358170904
31260,0.03052281333993182
33681,0.026385569746996428
20182,0.051113726876451306
14142,0.021621879553421323
50585,0.012601885696491184
381,0.06865732843146599
52889,0.01715298107105414
9025,0.03596864040105279
14768,0.04181510884025941
36504,0.02691983682550417
39363,0.0266676471858174
34116,0.04379785268951009
50784,0.02536802608063406
39153,0.03783321413858113
6945,0.020840568667597346
26441,0.026640557082322422
24954,0.019299053293279245
46333,0.10333999640834232
9545,0.05380247179629087
6985,0.020993029804945516
52912,0.02497925435382105
40653,0.10592891070291355
55970,0.013390316503117903
56993,0.013074308270813993
14164,0.010861480086292046
8703,0.02753206604176121
30476,0.03335481326936311
11056,0.015606618029341324
29682,0.011490062220776196
31569,0.05396390318595838
33999,0.03226445716973635
50972,0.022059178093757015
31527,0.05570820660905543
25450,0.0825035378752751
6020,0.02522769342704007
19016,0.09260913754663239
25652,0.010500499918218779
43343,0.028981257460025493
43878,0.1173626734421329
27468,0.009260077688065022
10877,0.026385569746996428
22775,0.009466069314633193
45943,0.026571720550839648
32493,0.032342650411877956
30934,0.07414380837399055
54252,0.011989017719921051
36927,0.053824767379996113
31628,0.03004223487905615
21787,0.02702354672840625
3085,0.02826804510791789
39257,0.025927367911974166
26003,0.011714623496229717
32671,0.01811301648073514
30781,0.01399468715102135
40601,0.01864272842331042
31341,0.06915660612142463
14449,0.12926476333316006
49264,0.02923546880645423
46061,0.008216399611734154
14109,0.03121982418901865
38113,0.016656338239581583
27300,0.012704672021352803
51328,0.008906897518041062
40942,0.025263588758727896
31632,0.019961235757785217
17201,0.02490313264506049
32048,0.010332114094724867
1639,0.023867201377502888
31620,0.013482651243422423
24157,0.024530168586195614
43774,0.026452037376707108
41893,0.06384255801862701
49952,0.061968512265484735
23174,0.022726785003141462
13577,0.021947993064317776
13114,0.021396119641009348
25961,0.011938260074061787
21255,0.032285230356906565
52374,0.014966485624369714
54181,0.010455487625648562
6204,0.028029263156677274
35792,0.030848209931580106
18145,0.019662877355360635
20338,0.027142922034803035
15192,0.029077816857935073
37971,0.015881438332179715
23044,0.02826804510791789
32091,0.04322692324907569
44670,0.019626969285872924
56313,0.01025874686433716
55630,0.027940167257570574
4878,0.009302463010806294
41589,0.12443037873688528
17874,0.06289010406209253
42835,0.018527245234287757
57261,0.02497786162080041
26192,0.026454859627171676
37560,0.03544679530845612
30092,0.04800649806880209
10331,0.023854144351180474
50000,0.0454751792239449
25591,0.03918913050957527
27694,0.026385569746996428
44723,0.025089413582545326
10054,0.02386421544624159
38424,0.0641465393351977
29874,0.05551081629952231
44265,0.026385569746996428
5438,0.08315997148906203
20062,0.033562956325726326
13032,0.026385569746996428
36088,0.038907429086240515
51132,0.027576180752514532
24068,0.02374798073517806
41746,0.09296098274732559
50763,0.015280564056510817
32281,0.012133175733428724
32537,0.033260581971681816
51553,0.012430618144266756
44334,0.045545568005110997
50569,0.03751015851851414
21595,0.01762333790959439
56282,0.02866801994901187
53574,0.02497925435382105
4573,0.04341973780202063
37452,0.053388766750535305
410,0.02101987714212069
6006,0.04731300552791951
5395,0.028746707126577887
42293,0.02697433715044088
33930,0.009712854552076641
32860,0.01880772899119062
9125,0.027142922034803035
7451,0.019662877355360635
53457,0.012629578345988055
812,0.02522495833070211
31111,0.0309488709471696
31999,0.012357327622497813
42426,0.03079329316691857
36743,0.010498784066156513
29449,0.05220348097046488
50717,0.009018076521814704
9480,0.026385569746996428
8880,0.024903002904792707
32010,0.01589512728479388
42996,0.03138383970604426
52465,0.008605900021261046
12895,0.03641394348610483
33240,0.0557028513126834
46085,0.04897601029887099
28052,0.012392440079965315
39446,0.05964541026092907
44776,0.036153057331413725
33104,0.04870869640276193
44914,0.02497925435382105
6418,0.024233168565748434
16031,0.027433009662113327
42873,0.028981257460025493
42428,0.032042033248009326
27124,0.022685670717684556
9793,0.02497925435382105
430,0.026385569746996428
30574,0.028189031979460325
21449,0.00716476388023696
10243,0.026385569746996428
35811,0.02371437644113366
39540,0.034764458136972994
11082,0.026385569746996428
18400,0.020424591724116908
43953,0.04034365640397449
44355,0.030018593830556155
34427,0.03933061960202655
47232,0.03113909090040144
26775,0.009856839614624711
53801,0.022714852091465104
43622,0.010455487625648562
55670,0.009712854552076641
20276,0.06289010406209253
54306,0.02497925435382105
26821,0.03583593618095778
18446,0.025651727222387313
28073,0.07113800151734431
7270,0.031172922224604046
18553,0.02497925435382105
29987,0.021765416350057038
21121,0.02497925435382105
24116,0.026403212130091138
44400,0.11340110163867735
48475,0.018278693190108525
18253,0.007892695015565042
22633,0.01744223131026478
21562,0.03204322339070949
8161,0.02497925435382105
46054,0.36050852781438675
2324,0.019662877355360635
35180,0.016113804938380317
11771,0.02826804510791789
37035,0.005759321081015864
25377,0.017000234896325777
55248,0.0364259244543817
21126,0.08069410910733642
42128,0.030396463315704378
7920,0.020238318625062104
33888,0.02154567038646156
585,0.07686753667100404
50391,0.024774237722356585
896,0.02027980922464581
48386,0.009453380315509909
27418,0.0433333609899201
2949,0.0199975701780004
31162,0.05043822927341134
49781,0.019591964358374053
41151,0.0392348853827023
38253,0.042877581258676516
48972,0.08481644783791711
46888,0.011710137580402276
54269,0.02497925435382105
50179,0.02497925435382105
49714,0.0234805391878163
4805,0.02048825592346243
2616,0.027449966191473826
50857,0.019666932249941607
33794,0.06289010406209253
53674,0.016395634601901524
32014,0.02709653274132834
3095,0.01850740962076923
27168,0.027678387699594926
48681,0.018484735566611447
37141,0.02449165973265577
32336,0.02711009249594101
16234,0.04241574061745076
41191,0.055303361996405
8736,0.00972158148648988
35370,0.01702250438099708
2960,0.026385569746996428
27449,0.029930145600870896
43643,0.020812312632565316
20776,0.02522495833070211
53527,0.019133546096130175
2899,0.026385569746996428
8455,0.018976252116685216
17987,0.02897499831350991
12617,0.05433790647887201
46829,0.02497925435382105
44178,0.04886832388649359
55294,0.07793399993659565
54122,0.00861782157577008
16758,0.026385569746996428
38232,0.012392440079965315
40174,0.05109851636213757
29611,0.022422206797828702
45785,0.016023342245294444
19316,0.11223288207204049
39222,0.05632207646154325
51774,0.015488696682690633
12681,0.06460620337442534
24389,0.024598192387128074
14124,0.03663372594915206
13958,0.026385569746996428
30582,0.011582531244772497
5359,0.026385569746996428
24759,0.012649196726486284
56064,0.017298566434595094
7821,0.029717832510042827
13655,0.03171081081300561
24242,0.014353982502917454
19265,0.024644203487678797
4448,0.14118055689677445
16726,0.026454859627171676
54952,0.04934236166487634
10045,0.021090673750134733
44450,0.021244451169781416
38382,0.026385569746996428
14278,0.02417725225195176
20406,0.026560892802957675
47615,0.02497925435382105
51692,0.02497925435382105
48539,0.019103340336043415
21436,0.020426089929736026
29830,0.07954197848260973
33113,0.021669872900828828
13461,0.026405810778206383
2299,0.03792093279501908
31611,0.031333705077586635
8632,0.02826804510791789
31654,0.0724524790042467
14299,0.026385569746996428
28836,0.027079192243253284
56379,0.009163554079660578
53937,0.045431100792442794
17486,0.012059426781502557
10592,0.041089833243712744
7363,0.021666143868663217
1053,0.019662877355360635
30537,0.015490459389875423
45882,0.019658954461179885
8089,0.019939526637724327
33581,0.0259181177481906
26368,0.011651502705261966
51529,0.021660222986338747
18276,0.028836114662218155
5989,0.015972156227158262
38205,0.01782202268098683
18380,0.02328708043636843
48425,0.05452456497962411
23338,0.08305878067660519
12831,0.03383361915125175
36712,0.020620041866081372
42772,0.010361107705371488
8565,0.04400378950942195
52054,0.03731086313396398
43711,0.03552002318880683
51315,0.02497925435382105
45827,0.009803907535654436
10064,0.02676415442207215
41339,0.044890919594045536
8901,0.017711855007166644
19373,0.04444952856842178
6483,0.016830273006229343
19384,0.04035087117797214
15838,0.022685670717684556
28017,0.030735532582972125
22617,0.011833839236709958
35677,0.026762915232931336
44069,0.03813379012419452
15807,0.020599295932062226
53150,0.010895597525691891
46961,0.014437768005347048
37968,0.04513406769418299
34336,0.09086979156067096
52441,0.032259524873263445
55667,0.012002572497296719
13278,0.026385569746996428
47620,0.0534003447452264
35076,0.02943067201990449
40517,0.02546070886078422
14981,0.01584455857219687
56032,0.03698791308348858
4035,0.051465847356266935
17962,0.06289010406209253
26079,0.05687317677806047
57542,0.012010134587677456
38925,0.11608319235306547
6527,0.02569436150233446
4475,0.022708140735648186
37972,0.026385569746996428
2826,0.021621879553421323
41559,0.04143378956402754
37267,0.07428596067433656
24733,0.010759722196688777
13770,0.024233168565748434
44919,0.11909412458168253
51436,0.025999757392801536
6692,0.019802403176148287
43347,0.04548503207066281
53950,0.01763162310147207
36305,0.03751711226795308
8115,0.009709881593484928
274,0.005832038905986238
53973,0.053563749777009576
1731,0.020200864318486566
38581,0.06566898862409584
52645,0.02680590914398357
31635,0.0526148192287311
13748,0.02826804510791789
50011,0.011781919745912537
21842,0.01729407703685467
21986,0.008194348905468532
55044,0.009162073827535372
22527,0.015748613220244272
53483,0.011364826486670199
51878,0.01136660959863155
57589,0.026385569746996428
34065,0.010760541771980676
25238,0.029578190032256414
18576,0.04074178397494189
15606,0.07363639865114827
46748,0.15725934478336967
38552,0.049456806543376725
31660,0.03704487805027521
56362,0.044732455092429214
43365,0.06463592067224092
55774,0.016638093015434428
2746,0.026094371216183125
2494,0.03543081299531946
43607,0.034170480950993065
1319,0.025275588330010212
53186,0.0437088876609682
22108,0.06406930302590305
39970,0.011078977972617969
22176,0.020556336108348908
9433,0.0526871066602034
28844,0.021362512840105694
54926,0.017433383075599843
30421,0.015432830183058278
22921,0.014642623394390595
36813,0.02520698367639905
49524,0.04653562001690317
26937,0.013226355399399849
16125,0.03195584686566548
12066,0.026385569746996428
22186,0.030958567737030485
54407,0.03678233086070977
48778,0.021592277659591652
46080,0.039196484298302435
7100,0.027940167257570574
15142,0.01982201978821186
39038,0.11239322186069561
13139,0.018548835173050827
26452,0.08715490368927871
16276,0.02826804510791789
24936,0.04874670486708741
36466,0.008258383036410202
36959,0.04688364739542689
54459,0.01821212009339296
15811,0.06195583932382889
48983,0.013172238175258909
18511,0.01788201577116705
9189,0.012285741174558043
33219,0.026385569746996428
52076,0.011330844208227924
43122,0.015547522380330504
12608,0.02295510472862996
38604,0.06915660612142463
51279,0.04014715221444408
5152,0.028790487499027285
7278,0.05049457319319733
13694,0.01818386924260434
30018,0.1399747464456789
35473,0.014626465294567905
6990,0.026385569746996428
5918,0.027838753409104793
53954,0.012112958827362557
42127,0.026385569746996428
24081,0.04000596726709633
41009,0.04999165630111889
176,0.03297266084083328
38955,0.02118068307496078
27730,0.016293143530785488
48982,0.021621107044972564
54231,0.0314756353537685
32718,0.03138774092448043
10941,0.02118068307496078
24991,0.04226461325873268
46661,0.11930798240858222
48472,0.019124164369878956
38588,0.012654264545955446
3211,0.026385569746996428
15318,0.007700137974719273
57548,0.02497925435382105
15074,0.02826804510791789
53341,0.009543709440098564
21268,0.026385569746996428
21564,0.04446344750189206
21090,0.023287311367849815
40,0.024270153075239633
19742,0.020241801894368285
20532,0.02048825592346243
15214,0.036432415026973704
38224,0.03751015851851414
20850,0.056270026751088754
46449,0.011037881828035669
28745,0.03337270789249865
6601,0.037328743632485735
15665,0.02522495833070211
7881,0.01944500003340107
16073,0.009096397820417145
28751,0.010234892605468256
1791,0.0207583835328589
15506,0.026385569746996428
50152,0.03863046881381874
41438,0.07241967078283115
28025,0.027940167257570574
35717,0.07641414968324566
4464,0.021224370323361382
10458,0.03344310171551758
24857,0.02712361478222851
16916,0.016954305532100446
48358,0.0133492913615391
47957,0.04650568367781863
10587,0.02569093145773063
51584,0.021443935444833594
2742,0.02373998139696296
11010,0.038422198115225875
8659,0.02753206604176121
57296,0.018426031663774267
18151,0.012471161039514853
21393,0.03680443769224125
20832,0.04042747722179794
39022,0.06665099911655285
57314,0.010121127474018174
17836,0.011203236728507402
42594,0.007569896047330725
54099,0.0249582689706592
57168,0.032391678411714156
7753,0.029097984279875023
19341,0.01963861195240155
38024,0.035410143748511806
29678,0.02590638674942748
25781,0.04294945784629224
19264,0.0243049370472306
9679,0.02676415442207215
33246,0.019291660482204907
56636,0.03708380467328866
14543,0.014427626433406622
6957,0.022640012543257336
52582,0.02228255205068483
6976,0.026385569746996428
8936,0.038847369493849884
49757,0.015545025953221775
6234,0.026385569746996428
39804,0.026385569746996428
7640,0.028943148936135588
42440,0.039315134101048
23011,0.05385995930062816
38310,0.011938526419236092
7772,0.05838542471383903
39208,0.0074321830919974125
47506,0.11811989887540199
3279,0.05930674792537713
46848,0.023048383570754827
4976,0.07825621895580212
33417,0.026122526888359508
36065,0.01520645351588977
29173,0.023524445325772865
40085,0.012483860435087937
51716,0.012936719763975282
14085,0.02417843146003716
1124,0.01850740962076923
7781,0.02536551317214855
29724,0.01698269596528371
17354,0.005747636018152955
33859,0.019584506270184897
54418,0.012430618144266756
47613,0.02400469188233365
17471,0.01265086884080746
48598,0.03196017687521866
45143,0.028816510660425378
18741,0.02444321082529531
7680,0.04902381523579733
42159,0.013945270205837792
52210,0.024567375907921823
30141,0.026385569746996428
12958,0.06020020860243861
44166,0.026385569746996428
19051,0.011747314163293858
44657,0.03780549942712722
30114,0.03397073156404699
25694,0.011074810060548649
31149,0.017518715940065707
52792,0.07964713271652607
3767,0.03987549572565879
1118,0.07079248898879555
49203,0.011390206009540386
25414,0.026385569746996428
39357,0.030362622957049695
8196,0.028250970057619604
31917,0.04863102513829894
4884,0.017475345946758133
32898,0.03976241232946504
44559,0.03575106659085042
7650,0.026385569746996428
24267,0.024475193483007886
8241,0.0371810997118674
2476,0.026385569746996428
49105,0.024304839930299967
44863,0.03613555846278325
46329,0.05964774464856615
36488,0.02752481815689354
12498,0.026385569746996428
40217,0.03714370476047723
42028,0.023443536799754316
9986,0.023977636994202377
385,0.02497925435382105
27110,0.011104414688002814
25943,0.02328708043636843
45154,0.05398013828033659
17122,0.04541232929809643
27415,0.02497925435382105
47817,0.06770577207445676
3519,0.027142922034803035
884,0.05233655800806713
8870,0.012886388563600899
2235,0.059007375876343846
24706,0.09018344701102984
42735,0.040683852048459104
4829,0.07623099863093025
20777,0.019138593378332833
37977,0.019670430697610403
32648,0.02682825886507797
7064,0.019662877355360635
25633,0.02637698104527094
30975,0.01309522500699751
40018,0.02049130229449842
36333,0.042679459990995164
51370,0.02541571545651755
23986,0.026385569746996428
31138,0.014480209345257497
26834,0.019345761920384185
42807,0.017622921694452676
36647,0.059730216688103285
28968,0.0229245053592136
56753,0.048211877572474054
44899,0.018077304640959073
37206,0.01576844393544905
44804,0.030244221790843028
24033,0.03304477394899073
24708,0.014234911711754781
30308,0.029971559991117898
40282,0.024644203487678797
44483,0.03197387263821343
56638,0.06487741298291844
26063,0.008902707566578197
7200,0.02491644261278874
39681,0.014987446476804516
37315,0.03647965695991317
18331,0.011754881583574144
18739,0.02826804510791789
38071,0.027985816963047267
5517,0.022546689572778875
33676,0.08062062263228037
19785,0.02522495833070211
41671,0.02508947083202881
43865,0.019402602552893285
55876,0.03175889223056312
25803,0.048632763145403005
30227,0.044089916267296296
22489,0.027588887185816435
31572,0.13461513616841642
32424,0.011499035707305911
22815,0.019915362620333367
42355,0.013046324244238464
36757,0.00684083274522966
44455,0.015887500427305974
9911,0.022380995914764817
21421,0.05268275058486287
30159,0.023621535082302966
32896,0.031915451469033115
40086,0.032079366656506125
51804,0.04264731755859206
25716,0.016799151067577893
51459,0.023113866682161692
32331,0.03714370476047723
43530,0.025565811935147217
3585,0.04243580459093719
32867,0.017977694159256413
22876,0.025260829128729165
21779,0.021262039820464713
23872,0.026385569746996428
41384,0.013324318537988981
54485,0.012114796388383189
25400,0.011443434615635203
16344,0.07009670340327356
32392,0.08793022574817944
2668,0.026926293402650486
53742,0.01747625505400613
35666,0.040310329400590705
4772,0.07604458247086378
51630,0.012216795024411855
10540,0.02160691234762094
33347,0.02186337701714141
12212,0.013081085985280972
50879,0.009286797790031743
36436,0.03910092008150302
45367,0.02497925435382105
11047,0.028342134560656682
3645,0.02048825592346243
48055,0.029593892058688422
6778,0.02762683999308151
3751,0.026385569746996428
53181,0.11199212296703272
34969,0.026385569746996428
26901,0.03103266703278183
37875,0.06946782517441763
15334,0.01682388696114248
20959,0.013434762306104152
14018,0.03923788968678646
48996,0.011410428752790793
40740,0.040763128036621285
14293,0.022847277361517038
5836,0.023424275778424018
7289,0.015365080981956014
56575,0.008748602060670739
35687,0.02259759716365768
31120,0.09496916789147808
53655,0.018689649650282313
10926,0.028127084278410434
54534,0.05291303259571471
26977,0.019507471731681467
24347,0.06502168121977567
11153,0.03424205205537193
54035,0.0035415796236390536
25919,0.02497925435382105
35164,0.016872560129746576
13098,0.03865866584686552
41078,0.0246623745343415
54533,0.028681468269718822
55746,0.026385569746996428
15267,0.026385569746996428
48509,0.08725898737508454
57176,0.04230300653393266
39300,0.03399153546938501
16189,0.025009687502988435
46630,0.04987727013004335
56404,0.023185947033824705
7217,0.02522495833070211
56922,0.015616952015488433
47350,0.024194762724469156
21744,0.029649504349589236
28608,0.02337132201158914
1174,0.06709148957768912
20326,0.03330364873236862
1563,0.022685670717684556
27737,0.013182114358241731
15868,0.037148174557771564
57295,0.030050096751233938
35968,0.0309488709471696
34776,0.08533677073443262
37137,0.061146974831815505
47003,0.03871924391472418
14492,0.06517523591173385
14711,0.027249333665486992
8919,0.02121445024207616
55661,0.024436441285071664
44336,0.03219976169629337
33670,0.04857504627019658
52856,0.04360483416149413
32079,0.0388972097909884
53843,0.02543498408549454
47642,0.018284141579583926
50298,0.028476227685721653
30395,0.07412493071410735
20355,0.022529338479080337
13802,0.01641008133493516
33968,0.015302372734892372
5086,0.03167041649196241
2097,0.02365943305243738
9064,0.02627250630893282
8781,0.03808589290575914
51975,0.010874570456531526
4729,0.046685653292860424
38189,0.03714370476047723
51095,0.013596983510566856
37955,0.06935254160677069
508,0.05927528163303021
26180,0.0364515865345594
42210,0.03512019933468357
30058,0.027180093830711044
54881,0.026385569746996428
13342,0.025264242454779755
24836,0.02826804510791789
24983,0.035539392876874756
18726,0.03209860391564674
52008,0.02497925435382105
56303,0.09896400084484248
32066,0.011627182651890325
18238,0.047505642937990415
33880,0.026385569746996428
26637,0.050726516591060575
29321,0.019436259509191804
11065,0.017529688401032893
31399,0.012748424994463853
44908,0.025340071500780877
50904,0.022722166203684183
24050,0.026385569746996428
46081,0.0626209450457717
10574,0.04265794750377703
49362,0.06768576360435362
40832,0.04052046104827588
4215,0.029077816857935073
54143,0.007463171500286326
20277,0.07581253345256023
45355,0.011547726413149663
14710,0.030680539068452726
21915,0.03148227422733206
39493,0.02296151355089874
14951,0.03630667514515736
28265,0.010552494327777634
56945,0.02292200982756676
13687,0.05603342079456725
21344,0.015342291828654972
51065,0.03474204455361003
13293,0.019662877355360635
30219,0.10231473266341855
46712,0.017646555055737874
53236,0.021609752662253602
7182,0.026385569746996428
18107,0.026385569746996428
332,0.026385569746996428
5770,0.026385569746996428
40451,0.0458284477864523
52591,0.015889523766558042
35557,0.04367149897195445
33384,0.07198592831493457
41857,0.046175721506164544
8368,0.026385569746996428
46059,0.026385569746996428
10407,0.027940167257570574
13431,0.016182088558039046
14657,0.0916966824199496
36265,0.012017785138504072
38112,0.020463653461653616
12783,0.021027879206493683
50988,0.01025874686433716
37307,0.019662877355360635
1317,0.02118068307496078
36429,0.026385569746996428
49958,0.0989762652646213
26487,0.018992856935778298
35446,0.013802697283408702
38618,0.03130859815207995
11150,0.026385569746996428
26159,0.019662877355360635
34612,0.02653818916127473
52584,0.006712245374997181
44292,0.020877154645020372
4304,0.018795955631952445
46581,0.051114556916876476
23309,0.029077816857935073
15425,0.027374013685721583
13862,0.031994172609769396
13524,0.040749367315882405
18152,0.013983627310785295
22600,0.023139937127167724
7681,0.02271469665025768
26750,0.026385569746996428
16152,0.02019991752248379
47424,0.04004902714312024
2672,0.024475193483007886
43836,0.052397479206072836
49738,0.03822371745412203
18661,0.025475692511259123
16825,0.023046567117227017
38566,0.016885199046226283
14488,0.05223926778400958
7162,0.02144891336911822
40429,0.03751015851851414
16330,0.12644315627792763
46939,0.07890140030761023
44267,0.01594787536463146
34378,0.10230723467199682
46126,0.03565650285238915
13192,0.04488789246693682
33456,0.01381685899618851
30442,0.01345679860312722
30902,0.04704663585105486
9010,0.023213607116578466
26484,0.03605249796136498
11947,0.09821415328466147
35730,0.1477665182525628
33761,0.03751015851851414
14871,0.02929508890586448
15759,0.018402313088926224
40906,0.03618937197125089
48277,0.05846801650294178
54478,0.01519499116027521
55344,0.007729489432933541
53909,0.021896084836277824
16171,0.02099511653575486
50778,0.010900347068401914
33693,0.05803809066605906
28650,0.019143998688277993
25636,0.012945127778123728
13814,0.01925435481660479
22637,0.008134750591878497
27767,0.01543909402044193
51779,0.02497925435382105
13154,0.02497925435382105
48082,0.13004308198464573
18924,0.012342095943297056
7646,0.020270030696294822
46133,0.02377679727692041
51872,0.02497925435382105
45214,0.03915837622725896
16404,0.021621879553421323
43379,0.16645394086786233
40851,0.02680605214126919
54233,0.026385569746996428
15982,0.025447206087380415
8510,0.02497925435382105
43591,0.026038783885363063
12678,0.03173315331141036
35621,0.011614821587369518
47652,0.028244153191027563
9553,0.030064000707324692
17792,0.03728939440387507
28199,0.022956006095348525
28008,0.011906683629461725
47021,0.024644203487678797
46414,0.11223432212668384
466,0.01594620968518731
37151,0.03702157941394429
43742,0.0342827872795521
31829,0.02221005858608094
52254,0.01023094490187148
29539,0.05576392748609664
46093,0.1721970391935782
40450,0.017599177930650918
46217,0.017921367910792133
9584,0.02753206604176121
30325,0.021460698117015745
39848,0.024217867628054838
26103,0.01757541422567362
28685,0.039180381482679966
36211,0.05067957628956012
32732,0.026385569746996428
12724,0.02333490383741097
16483,0.06777557864181982
10074,0.02497925435382105
33739,0.02497925435382105
30770,0.026385569746996428
22089,0.022754856288005273
49736,0.04434340603740934
33007,0.04306312550470569
13956,0.0256116095159154
5936,0.06967928936945386
28846,0.0270175650279444
37316,0.014569149727733776
15039,0.01107442111891458
7110,0.026385569746996428
43235,0.04894914647183467
17134,0.026385569746996428
14168,0.0242115109170563
3441,0.024738743028739244
35776,0.008147396428988972
33465,0.03122319762137001
52858,0.019626969285872924
25485,0.022754856288005273
49882,0.16139799477238045
6100,0.019032622121727565
56174,0.017207016317407113
11912,0.02232314728067984
15944,0.015175785119240478
11062,0.006471383845899369
44326,0.034428007612346476
23637,0.03181599642248379
32258,0.011104414688002814
24939,0.08394114925672717
28420,0.03750457256488185
41309,0.05790720463303919
29471,0.028137636046766494
21757,0.04052409785398254
35403,0.056043412535279793
4724,0.026246524789941526
49189,0.04018294987330233
52267,0.022079738970770937
36742,0.018487656345079026
25050,0.01463341807480007
22215,0.009435128078047412
31767,0.021955867309803638
36794,0.022226385772072206
9836,0.019041253383150807
12913,0.02826804510791789
52172,0.022973708452364027
30999,0.004836290441565039
27800,0.01807050710376525
38616,0.04011014269652873
5572,0.022815382995583076
36911,0.02665397958858493
10746,0.027014658164914333
56946,0.01985918674073713
54590,0.026006068560752393
4243,0.008770158231283303
55343,0.042555804599741336
10049,0.03211593312671086
18365,0.012373625025963684
54554,0.01671384680884759
17366,0.0245749425582827
46447,0.01579345955148741
4894,0.04515314610080176
14104,0.026385569746996428
1572,0.04435946324421274
14493,0.026871414299533318
19400,0.010135228671684602
20775,0.021336788190776324
45769,0.02752067091929626
29773,0.08630111786502256
28592,0.05237499472350321
25366,0.026385569746996428
53200,0.02077592530736525
53265,0.03963303871946846
39210,0.011448783113585678
13970,0.025869424169740664
27817,0.02990854318659221
19822,0.007752134511842681
41092,0.026385569746996428
48818,0.02648154921401468
44852,0.06674327175321028
39251,0.11132467697394938
756,0.02826804510791789
39623,0.015103347361452744
2975,0.020665865695553703
32013,0.03762348308803812
52540,0.024755920792307044
4939,0.022256658011137177
24388,0.00604221239870469
27667,0.018402313088926224
50257,0.013280285199254267
52111,0.02550184306337658
3761,0.03699819174177734
27511,0.010071244066136157
31872,0.027968917930089505
25434,0.026385569746996428
4990,0.02373998139696296
18111,0.011500668740562372
16187,0.01343835974763676
53202,0.047175335741237424
47381,0.034336582697920504
27231,0.033081863409963504
21628,0.023213607116578466
40513,0.012262001494663452
4040,0.047389750610841413
32372,0.041198719666445685
52146,0.01110643095829284
34632,0.04879150903835592
23700,0.046128370762336085
50107,0.006177344324113197
51937,0.01971440869402911
44998,0.024380820490413176
4348,0.026094371216183125
19217,0.11660463231170484
33323,0.024664353418660773
7706,0.07235251245107181
13433,0.021860864819957943
13619,0.11422967091553729
51190,0.03151227026017888
50571,0.13159651291199895
24901,0.010895597525691891
43703,0.020979673949502915
16883,0.01836669507290504
23320,0.050480175828433727
47921,0.030018593830556155
49511,0.01623068388701722
50867,0.017252724203344293
55437,0.01249210299240353
50698,0.04987434904496265
38420,0.012924804864781736
44053,0.015238207791005662
38907,0.009652154073283918
44538,0.008578545875996307
38723,0.015433608702414744
28881,0.02402278630339258
21714,0.03229360255309494
56517,0.016495308018046436
17537,0.030295020380675216
31438,0.026920666204201086
49892,0.03554670598574428
17546,0.02271173314875581
55777,0.010775757977228812
353,0.02599014581744768
36692,0.012158752506131217
42803,0.026979904259746595
28318,0.038846015136842535
57481,0.008602914691306671
38045,0.06566737091488684
53696,0.015756837664953557
40588,0.026385569746996428
1900,0.02410195044064171
51159,0.026385569746996428
49628,0.053126054024136296
37508,0.010350118492167775
22279,0.022726785003141462
32073,0.029471270761579096
36869,0.026385569746996428
54602,0.05323567633137998
14637,0.050804872734657204
22498,0.023721077287553002
19626,0.012358359943674482
24848,0.01297815908162802
15593,0.015030244570175318
6930,0.026385569746996428
50566,0.06538990103885074
32382,0.03751015851851414
56084,0.030137458263313793
24228,0.03864686142733557
26115,0.024475193483007886
33915,0.0232940874710447
6556,0.017210071240283304
44174,0.026385569746996428
6013,0.022149093796937854
53705,0.014569149727733776
646,0.022149093796937854
1059,0.05364480388315109
52615,0.03711410039121168
18551,0.014187196620886966
8613,0.009790490322624705
10430,0.015972156227158262
7844,0.028376738910972924
16247,0.041437413905738164
8479,0.014857996287493158
32908,0.026385569746996428
8435,0.02722533407140081
12915,0.026385569746996428
23738,0.07052955281265608
13426,0.02826804510791789
6964,0.0412802252749256
28676,0.023620843455427212
22410,0.007699363175284244
6689,0.03905967286750615
17616,0.030005871583157588
50654,0.021669691612524276
34845,0.07044400330190045
39070,0.04543587081367192
17271,0.023819255069813666
6913,0.04303073824700905
42810,0.02184227550412211
41926,0.07978379236645165
56054,0.01240411880157442
42901,0.023299148899693003
36675,0.011073896705079177
13441,0.026385569746996428
51358,0.013448640125108479
892,0.03202669702823198
48043,0.049193241898891134
16300,0.026385569746996428
44268,0.00986888094063868
3919,0.047302828640553476
20865,0.008623943996564838
6357,0.06811852130575541
15937,0.026385569746996428
32364,0.026385569746996428
9134,0.02497925435382105
26980,0.024435485116870315
11186,0.06649167357840334
4645,0.06721965668652412
46293,0.009863748715268109
40950,0.024923971220620844
15006,0.01958236894086744
19983,0.026385569746996428
9266,0.0222645125470856
35067,0.019662877355360635
40107,0.05530317828358643
37674,0.026385569746996428
12064,0.03047259169072072
57249,0.02363072530945617
2266,0.023287311367849815
27815,0.04618535298075488
5528,0.03557736801519089
36283,0.047047912813819065
8907,0.01745285672228711
29358,0.023047479469297662
17518,0.026385569746996428
28581,0.0508165387415751
22954,0.026385569746996428
39275,0.036280053869267324
22571,0.03902343615646121
9961,0.021660222986338747
5201,0.03127369325720129
4918,0.01754579366461884
29598,0.048951582720802495
52923,0.04534132347866658
28985,0.010876021608800355
49685,0.017477931088364273
18176,0.028827912245062627
50342,0.11980719761660193
20078,0.02826804510791789
46811,0.05660042556198208
34357,0.013274688631365847
12407,0.023463918339815426
3426,0.036571049423129005
23865,0.023999798388137504
45598,0.007153750671723478
22922,0.02591287871584312
18655,0.015972156227158262
49540,0.01654151876206235
24414,0.010864991686115643
19304,0.01999934038928753
35708,0.011979428306118428
23859,0.02497925435382105
8490,0.01498156374014725
25944,0.03555879000664629
57476,0.024984361408390266
23151,0.02653555568827896
7696,0.020815805607397923
17317,0.034749510478786945
38772,0.016995806810085765
37902,0.012936328813190493
45848,0.22680140784095992
44146,0.03714370476047723
32354,0.05625697635333859
2858,0.026385569746996428
34454,0.025101291699455422
57399,0.0312422438743132
29220,0.02332803366040127
37150,0.015574061554446546
16437,0.021222592587597806
11453,0.02826804510791789
24167,0.04896022123096238
29927,0.030697048117812292
16765,0.06289010406209253
47589,0.027111038933263183
11638,0.055978778218893126
2863,0.015016986178376313
44467,0.15280102175622573
36518,0.00965971074624682
22621,0.015263661827831067
6656,0.03805323685459192
33025,0.011802912018741684
35173,0.02973678122205168
26541,0.03175740777251873
28918,0.011104414688002814
47109,0.061558518261284924
49687,0.10239352623361747
9141,0.027942840428080408
51096,0.026385569746996428
36916,0.026385569746996428
6561,0.024415363727008473
51121,0.01521653853031152
25486,0.023409026113829588
28233,0.036189490945477215
56571,0.014115281509638245
36568,0.03311899749617674
52751,0.05051241356464881
57247,0.013194045156510384
27590,0.0050904349879426795
592,0.01834746270507557
20718,0.01383229173647415
25203,0.04029407855966657
15132,0.026094371216183125
48544,0.05474425506562664
24615,0.01414701733592665
25288,0.03260759611837707
38202,0.023543802205191616
9541,0.021660222986338747
10613,0.02826804510791789
11018,0.026385569746996428
49671,0.03221658893623293
6144,0.026385569746996428
33029,0.0707180420986402
31548,0.14570295039270992
821,0.02629638077567038
22274,0.07257002879617189
37462,0.06284437721914941
52561,0.014320601960183029
38831,0.012107391694440974
3094,0.030663963244448686
48810,0.018263473000195773
57580,0.02990440754385443
40657,0.016943913293949623
45298,0.03544679530845612
49263,0.03119877460924459
2729,0.024593854991566556
33747,0.05361980718878894
31041,0.026385569746996428
19080,0.08046408598871155
40690,0.036374361550346776
51711,0.014857991997950373
34458,0.02221005858608094
11072,0.026385569746996428
37580,0.03146384480028253
5549,0.02740174325016976
20847,0.03173315331141036
30361,0.016406038238286163
27368,0.013324866183882731
6779,0.012437549484229064
40370,0.01025874686433716
3053,0.02826804510791789
2408,0.019662877355360635
9118,0.021947993064317776
5223,0.02497925435382105
25309,0.024954160341388656
4095,0.022815382995583076
5522,0.024644203487678797
49508,0.16209786255354808
12800,0.023854144351180474
5070,0.023555039574080082
55595,0.01219716948999439
41492,0.004613198632813419
7567,0.11122869068777748
42353,0.010640854113370193
45752,0.008262035253377169
57524,0.04712343472227002
48866,0.02109265784228578
42542,0.044926943810961184
12890,0.026385569746996428
12870,0.01850740962076923
46964,0.011104414688002814
31326,0.08427548868475167
29270,0.02930665880749526
18092,0.017853292871632242
30696,0.01965614261892048
19568,0.05536103814310135
36610,0.016180116306438796
5763,0.026385569746996428
1163,0.03844134371896894
29588,0.06697248915265473
29110,0.07435004485646267
45614,0.032197540420976174
28871,0.02923546880645423
27545,0.08591103411078987
53163,0.009183390879686497
18048,0.026385569746996428
9298,0.05376100149492154
50308,0.04023943193716743
53629,0.006882355162031506
4377,0.03239081705893415
41471,0.014410479071867956
47284,0.03525016212199678
27834,0.10522628906791266
18893,0.030550684614226557
5125,0.10277044084412566
4836,0.016993608049835913
2915,0.02826804510791789
38094,0.02497925435382105
42962,0.07031750306215928
50436,0.03381394959084085
25206,0.021859484538745602
13624,0.03743477788724561
35015,0.011927717133532682
52845,0.01224297552583777
44253,0.022612428469374283
53977,0.022049030594429576
10276,0.01615048048033056
53266,0.08012440740176967
16530,0.04962502341941583
49793,0.026385569746996428
2135,0.024270153075239633
36906,0.03185963918102163
38804,0.008980956921370605
56784,0.02497925435382105
40436,0.02316819972152569
38361,0.10021825526184112
30769,0.020785969294055268
11113,0.028827912245062627
33735,0.07387009237589594
57093,0.015553758369864744
25258,0.02826804510791789
32412,0.07866534597118552
37147,0.05890027462158298
10132,0.026385569746996428
41276,0.02497925435382105
4346,0.021255693472801086
44794,0.01828511054422833
3737,0.03150408445276924
13501,0.030433763214586722
18967,0.026385569746996428
15294,0.024452250902858887
31234,0.01991358331038651
3541,0.04531693057357416
51484,0.012594413420241595
9763,0.02118068307496078
3798,0.022726785003141462
9598,0.03684719819599032
14361,0.027142922034803035
41236,0.02308942774759753
7686,0.011149457124448493
21091,0.09007601445541719
29142,0.01969726983865789
3220,0.04267068325330983
11812,0.020652797797490335
45569,0.02748442012272747
18154,0.02826804510791789
33689,0.06827719703419242
5275,0.018319429514811688
28042,0.02026838668582779
46123,0.007611919960101103
748,0.024233168565748434
46889,0.09763322337687498
49906,0.013324318537988981
34605,0.015309938155188475
26477,0.01593904301126149
2891,0.02617020859880744
34859,0.04023509272606919
46423,0.03300279577884995
33233,0.0309488709471696
42297,0.028476227685721653
1751,0.03749113360093201
29736,0.014745054421920452
21887,0.025869424169740664
48893,0.04303086835269771
4488,0.021634865470957783
22543,0.02126389104171095
3245,0.13476432587536188
18925,0.037440847939301594
49555,0.029717807313481434
12727,0.031611284140536905
26658,0.022561711504866078
54222,0.023524152692020163
51828,0.017307711704722915
19886,0.019068561257450663
314,0.030534602266361115
53386,0.03307277588178272
3444,0.030045603429396325
15655,0.022726785003141462
12362,0.04474245984188554
879,0.026385569746996428
35259,0.026385569746996428
56543,0.01804973166447718
57356,0.02497925435382105
15230,0.020018115512077522
50562,0.14240642791599506
30772,0.02118068307496078
24192,0.026094371216183125
42615,0.050925849482669455
1061,0.04836061689868505
3241,0.029983774973141912
36599,0.03116102781766692
56347,0.03511498903891351
33602,0.05213778835991224
13375,0.011923231487576309
22717,0.0280121632047227
15714,0.026385569746996428
39170,0.015580198008686518
41928,0.07275504320853483
55013,0.026385569746996428
31801,0.012973065277384828
39506,0.06104925247432655
5657,0.026094371216183125
43736,0.043506400569428366
37682,0.08586028506846247
10958,0.026385569746996428
24314,0.020792388692007106
11461,0.025951868895422822
15165,0.027671448299854965
6484,0.018402313088926224
30409,0.028981257460025493
46591,0.029413099384774485
53767,0.026385569746996428
6936,0.020358585479131913
9044,0.03100709843416232
5732,0.033429519520632375
19819,0.02522495833070211
21210,0.07317902274416929
15766,0.021062338396873458
40534,0.014354323575695459
51500,0.021839130250427587
2644,0.04034377655201967
55781,0.023596027334804873
51139,0.04117812910335348
42053,0.019662877355360635
44745,0.03816813573984369
12791,0.024712712404714905
10424,0.016402503025799632
24126,0.026385569746996428
35888,0.028981257460025493
55704,0.0236343168414235
42203,0.0661703283494485
23056,0.008698215998375407
31274,0.0400320652285427
103,0.027736655279284993
54335,0.013120229178749061
49761,0.04976842097483249
4669,0.1017970717446701
47335,0.04345624207430114
41,0.04809399677170717
29428,0.014711429100664992
49493,0.049902749425616726
10646,0.025001101243253596
43143,0.0452193658081122
38822,0.02497925435382105
39503,0.023214937511469136
14902,0.037234237866317306
25865,0.015063209936665762
26394,0.03048142409373714
31069,0.08687467305721619
19706,0.05675449514728733
31178,0.022568700601359206
5491,0.022848594876430758
32246,0.021660222986338747
52315,0.04592382488462228
2984,0.02826804510791789
46104,0.11779867229783464
49175,0.02497925435382105
39656,0.060357661246652386
50459,0.02088759841290789
12858,0.026385569746996428
29386,0.013219247102620126
22575,0.02037634662953158
45260,0.26178469706239527
38193,0.01438907586409963
9912,0.1604130636206948
49737,0.019083404418141863
53605,0.043868683764267835
4251,0.026385569746996428
14054,0.09786403433279862
1574,0.026385569746996428
13132,0.011915588545814862
27092,0.006002026060766341
47136,0.013905422754020059
1985,0.027383011969748215
22156,0.023424275778424018
18091,0.02180537824248007
38332,0.02606168696531028
53035,0.03402213221038042
6917,0.036755292539860644
38932,0.02923546880645423
4759,0.022575136105934833
5975,0.03571035363752254
10206,0.04305394615146775
30258,0.010058005542160835
4519,0.024270153075239633
36002,0.06289010406209253
20255,0.026057064499624784
40972,0.10473538906902286
43487,0.03714370476047723
31091,0.0452193658081122
38531,0.03003215200025553
38920,0.03970708269741417
10996,0.026385569746996428
9267,0.01735137142912809
50694,0.017399138803021096
2874,0.026094371216183125
54248,0.0174719932132867
22779,0.03448889697678512
11512,0.03451945434631898
49506,0.05335837232354361
5692,0.021312912806955787
8074,0.01828827186858748
18476,0.00860280009463643
53668,0.00851498429439088
43425,0.022386784841417602
12757,0.03161940959866587
3227,0.021660222986338747
31004,0.026385569746996428
41021,0.03026503963084176
13396,0.023614883235135956
53917,0.017498456626348767
43863,0.03570735780064657
7524,0.03202339380206366
43121,0.07135812098942483
15542,0.044849094709410994
51303,0.010696907683264352
46849,0.08194803468992407
12959,0.026405810778206383
3609,0.015948250611423805
2679,0.024233168565748434
26018,0.028456204757803236
51544,0.016515295597899826
34569,0.008761100342246933
47741,0.04246834329664291
4877,0.04330411048160341
52933,0.026385569746996428
31807,0.039984382810220785
54953,0.030610063145364227
11665,0.026553505069514784
35415,0.011372666071855313
56268,0.015053566301945886
6502,0.03296180613830278
30711,0.012039662178203864
8739,0.012834843451062625
41267,0.08340157399964848
3597,0.03335424832145265
17593,0.032692090390760625
49893,0.061387166187731344
25624,0.029077816857935073
22531,0.02865998323194401
44933,0.02600897002718889
2564,0.02821834163033552
22561,0.02069812808263025
3315,0.037991872325962156
2530,0.03121982418901865
7511,0.02353202028654732
47774,0.05192109986378048
35231,0.04272933783941673
47268,0.030420560577370335
31056,0.026385569746996428
53534,0.019683659038244827
9284,0.04149184758571536
43935,0.03714370476047723
8188,0.011658051709764224
14585,0.023854144351180474
43635,0.036414702093702796
48011,0.08154838777939397
32566,0.05567533432753092
1000,0.05652992424208847
37161,0.01556379025671459
26087,0.020531894009423644
54502,0.0452420369182478
55440,0.039277072644015525
1406,0.03543664514765342
24149,0.04888636148337557
42981,0.019463496901229508
22590,0.018107492794790583
26492,0.009785441075775714
45071,0.022973606065249307
17378,0.007887802892411781
18049,0.008993324688592189
7229,0.04984031894456205
6225,0.07152896931780882
56836,0.05658499572353534
29957,0.05174824719818879
53280,0.012180614891573908
15821,0.024233168565748434
53283,0.01046581501350765
18478,0.027940167257570574
1127,0.015183655608146919
54614,0.0249582689706592
29050,0.040759413177883126
54784,0.013283134510371502
35874,0.04632945936648561
41703,0.05569568717630327
44972,0.006806369862761933
24304,0.019662877355360635
8690,0.02048825592346243
30388,0.03808594384619129
28316,0.024233168565748434
10600,0.004640119133093808
29017,0.029086096353847346
8780,0.02333205725105683
2791,0.051623521448874075
8492,0.00945138699299991
47371,0.012492945585274081
30584,0.029859289010474035
7208,0.017177153751023796
11142,0.016446222822585788
12074,0.025044277982797052
7683,0.02826804510791789
56591,0.02964759760305419
54275,0.026385569746996428
13214,0.027549593878095798
22848,0.029077816857935073
19578,0.009775423846376943
3660,0.025657412408180605
45627,0.09933511964027092
41549,0.009747068711954503
38103,0.02574114639808192
32065,0.01505358420470957
35084,0.03362355503840223
41795,0.05118145199756658
48300,0.018833648515115375
5896,0.0204452038559402
11192,0.026385569746996428
46639,0.07566361856374816
45034,0.025340071500780877
1822,0.07467977823206849
14295,0.027072351558969258
28494,0.030889529274735684
54580,0.022084857004986663
11521,0.024475193483007886
19574,0.0134825382875548
48644,0.026385569746996428
48294,0.12253119260826598
32502,0.0529626087598167
18285,0.011610524198391346
15716,0.02019991752248379
31699,0.017875639707265495
41657,0.052514176296742585
35443,0.027018009487438387
42388,0.08079118492086317
9391,0.014963366946651674
35896,0.03646547668711343
31431,0.04693780198778605
51762,0.008881648756519405
45404,0.0721428048413705
29900,0.029989906365391096
9073,0.00874770548644897
56173,0.02497925435382105
41724,0.019181839863125705
2954,0.028514144159875663
44839,0.03751015851851414
47422,0.026298047345900286
20200,0.026385569746996428
25819,0.02717853390724273
12403,0.023854144351180474
35750,0.014404016876205558
37413,0.013074308270813993
40925,0.034336679942357624
51573,0.020530969208733468
42980,0.0294629806008812
9197,0.026385569746996428
444,0.006027983786547427
28891,0.01844166109624971
36418,0.018618604447924597
25977,0.016526282986369253
12050,0.02709170750450835
9877,0.01986104175330812
22323,0.005009652094534789
48450,0.02840429830914548
2432,0.026385569746996428
17666,0.04145872292523997
9645,0.0219445516900538
49102,0.029997208219106297
11832,0.02037634662953158
50727,0.042891451457572546
39861,0.0302575386135882
47215,0.06577991085057815
6049,0.012082195723716134
53345,0.011285874830851103
44615,0.06678271214314108
29261,0.014987446476804516
54832,0.020252995560081623
27131,0.02096609425273835
17247,0.026385569746996428
22955,0.029077816857935073
43482,0.022081294664719392
13927,0.02387893952734618
20418,0.022959774537928305
50168,0.018781563881453942
19393,0.013397199232526379
10820,0.02826804510791789
40676,0.05075613808425066
20419,0.014197127419924504
6366,0.018552910847285456
16469,0.02241725935950016
49074,0.03692502644176946
37060,0.012093685708346444
25695,0.026385569746996428
23629,0.02497925435382105
39715,0.03052281333993182
56089,0.010381507125990919
32208,0.014862438370593992
2762,0.028634747366549765
47364,0.010309480851057469
33778,0.019758105882217866
52358,0.021627096655813482
8886,0.026722237582190354
26151,0.04326144047645467
9908,0.026405810778206383
866,0.02899561930686781
55189,0.03195079688841558
6707,0.021367117147997265
35864,0.05087888459763452
51420,0.055536703103996346
33261,0.011708165296541785
53619,0.03691771424870206
54621,0.06038304033677384
11872,0.021772192778754616
54381,0.03448603981998957
23058,0.021351195336461178
34855,0.08510291803828536
16274,0.03604529750911919
9149,0.01735137142912809
50720,0.01925042516481367
44091,0.05312900868822627
47744,0.03003726955360792
31683,0.026256041874501132
28537,0.1371206257471752
2165,0.026385569746996428
44647,0.025283829505073387
38609,0.07691669607348531
55689,0.04717711895625812
8257,0.013233139312781271
2185,0.032869413934209064
40805,0.02543356132897305
41836,0.06929273115988016
3649,0.026298505622146983
8517,0.017631484136928357
11212,0.028920643218189886
31302,0.02196413377717165
16174,0.06402688616854628
21203,0.028772706276435328
26139,0.026385569746996428
904,0.02826804510791789
8045,0.02497925435382105
49496,0.011104414688002814
3030,0.03121982418901865
2569,0.03403250224695677
15189,0.024814946697428064
19413,0.026385569746996428
31092,0.021897410146509328
23200,0.034713081428939585
31112,0.042679459990995164
335,0.07071306091468023
15024,0.019662877355360635
35203,0.008777858104515307
4822,0.03374820707159282
13800,0.02360904212310483
43520,0.0794418559751747
30619,0.07592631301854347
26369,0.03445520986056382
28951,0.018729721657586147
19433,0.037635514017432446
49747,0.07743261149392006
36223,0.017214311200127175
32997,0.010584580473834473
36474,0.014045661076004445
23045,0.026385569746996428
12993,0.02826804510791789
41099,0.018919239639983335
52943,0.02036465580319999
17690,0.009350381563602031
55302,0.01224004783077184
30305,0.029707632338041138
50847,0.043481790897561885
33018,0.05625697635333859
50272,0.012360579559227447
34334,0.056966694422925346
11484,0.040165739568344995
12001,0.026385569746996428
50052,0.05063638999515401
1276,0.018756974679491344
30997,0.022310743947276116
30878,0.058777306488956974
56479,0.03292491559897296
49489,0.034501184548672306
41184,0.0758556658005645
18200,0.04042747722179794
11661,0.02518170271351527
37215,0.029272761972660717
18187,0.013789994210099885
853,0.02636642712299775
18056,0.012451134240207913
21412,0.023365280243370878
11813,0.02844115828870491
29042,0.08714574064136435
36422,0.05159526857365973
3035,0.1307819287605717
13842,0.023854144351180474
11313,0.026385569746996428
34198,0.04863848783454943
33877,0.04686583698724525
29435,0.010396765610098151
38039,0.016747864628622437
52965,0.01442927679305079
55434,0.01317413658215801
14581,0.03272394587698018
55572,0.012007935545109684
36478,0.07523163100486487
27833,0.05865442967268954
36998,0.06416084021434205
31117,0.007691016540242558
48213,0.07179237787885151
10218,0.026385569746996428
22971,0.026385569746996428
34548,0.06767420900504509
28772,0.016543477048582306
52025,0.026382280134602133
52643,0.012651161276706319
12472,0.021744173655664282
27225,0.05419300490466089
50051,0.019684523191912502
31951,0.08922584128582439
39739,0.01839622226809967
4890,0.04138317282348785
22645,0.07876928286260385
56218,0.054310622455599374
4207,0.021666143868663217
4569,0.024475193483007886
53838,0.0249582689706592
27998,0.02925545334602358
38816,0.014754679195043746
33140,0.006846301848865214
15618,0.027237507709479074
24884,0.029077816857935073
22256,0.021666143868663217
15041,0.04042747722179794
19633,0.060498712616624054
28254,0.0815996472388095
30862,0.025935385157094662
9059,0.011945787658529577
8040,0.014064666593422101
9312,0.021808818618087183
45308,0.011104414688002814
36789,0.044693548026170225
30153,0.09680072635248016
15517,0.02037634662953158
44590,0.04244479034092537
50880,0.007937797940030572
56265,0.02454305903480323
52522,0.03815934419648445
53808,0.02497925435382105
48218,0.024644203487678797
45786,0.054473304296978164
56613,0.05190366443568946
7964,0.028836114662218155
55560,0.03763270307388061
33646,0.026306665953974642
27074,0.0268331731484028
4130,0.025147869740549746
51992,0.012838082252539667
24875,0.06792607271451333
52564,0.10316882175009978
57259,0.02530047798446886
24411,0.026385569746996428
3016,0.025089869249965393
22690,0.045299553655251866
38186,0.02934896665652651
54700,0.013730114004588739
15364,0.022640012543257336
18057,0.020915974049762684
19345,0.014679745896910913
14290,0.026094371216183125
5841,0.017997318938097567
50953,0.026385569746996428
20896,0.019326193905000504
22034,0.02497925435382105
55933,0.026385569746996428
16897,0.06289010406209253
41906,0.03028569347322431
27674,0.11070432043721265
25740,0.02328708043636843
32176,0.06799833729069414
25543,0.01952597008066475
56186,0.008047654489633113
24666,0.021499917720690834
35039,0.013215371058387531
44831,0.037131577618654134
15286,0.02522495833070211
24115,0.06240722392351914
6756,0.050590294143722146
56065,0.026385569746996428
25481,0.026813076307974887
11566,0.07722220188369107
36984,0.0486701981601095
27254,0.02822445799675992
46593,0.02497925435382105
47017,0.03736083971136932
50781,0.007934281781463704
4879,0.020948140417613764
22503,0.00985274989824463
52372,0.02961567426443233
35301,0.012629578345988055
12181,0.01850740962076923
45727,0.1148452396924382
36112,0.030058419250628087
22513,0.026385569746996428
22237,0.05038281036996993
26458,0.036536902895623766
3503,0.028672049518618972
725,0.018402313088926224
19168,0.026385569746996428
10172,0.016142117081690683
6268,0.019662877355360635
33322,0.057375127815691984
47092,0.03382628431177462
57590,0.021686367098851512
53850,0.021660222986338747
36595,0.010193239507463188
8042,0.026385569746996428
57392,0.012409460752907242
16904,0.05669468597937236
45244,0.033685340923306856
33643,0.01787890889488475
19492,0.031377980866416924
33882,0.021585758064773662
14769,0.024476242820929417
687,0.022155474430954877
56538,0.007298049768670383
1864,0.029419577533803098
39671,0.1171437041425737
40295,0.011769553661206118
5262,0.04042747722179794
56889,0.05249365039644712
9246,0.03180125944530851
55621,0.010492947106328332
25940,0.011686207425824593
30726,0.020627915187493826
48658,0.03430608692721112
23288,0.05337545731327461
21879,0.012474926554626052
9022,0.02497925435382105
12900,0.09395535650967256
27551,0.04207216083489303
1558,0.044649242696210296
52723,0.0249582689706592
36178,0.06052323119214518
29395,0.047995283518464306
50437,0.4492344045481977
43045,0.1468003450432769
17090,0.03908583964058971
46035,0.02497925435382105
46756,0.021441599149637135
54288,0.0288242523201197
22572,0.03749945866997957
33089,0.01695931120495325
6717,0.02522495833070211
43282,0.02691983682550417
49227,0.02497925435382105
21569,0.016954305532100446
13458,0.026385569746996428
31475,0.07678258977003906
37771,0.018851327507373124
27069,0.015902763179329697
19780,0.020066362259812016
5931,0.03420651256679015
24381,0.02826804510791789
25869,0.025869424169740664
3799,0.026385569746996428
30199,0.10584243190186023
24926,0.024362783594108022
47942,0.011364826486670199
4563,0.02826804510791789
16332,0.021169215857022597
51785,0.036718047225374355
14446,0.018907246760467945
11300,0.015784478750137634
8935,0.02775753025507841
26048,0.021986036340725875
277,0.030050096751233938
40334,0.010260116690726575
47341,0.03617735048951688
27102,0.02858136787918997
55500,0.018343825920968167
186,0.03768696117072459
26689,0.015226116880559392
45638,0.06926999725054425
30210,0.06590117709597261
2000,0.016446222822585788
56667,0.026385569746996428
51685,0.019258728960302816
19528,0.014809381235913705
37332,0.022100964604960752
48620,0.07879321611272457
2338,0.03820011263882753
40816,0.01774845829353385
34848,0.013510816777388841
35741,0.043041054047060975
25139,0.028012679278256427
50723,0.011074191332457605
39367,0.026385569746996428
24579,0.026385569746996428
32736,0.0309488709471696
9006,0.03451946204298206
45011,0.024239395737889968
52472,0.023308845025500635
7180,0.13286260980767653
43528,0.03553255662433729
5929,0.02522495833070211
45422,0.03418743708485091
593,0.06616249490105726
1721,0.04841111775134314
22569,0.041068927809426094
30645,0.1552715709488905
15404,0.02118068307496078
13671,0.03697733242724407
41373,0.03785359600210583
1576,0.031184428271628286
48585,0.012527049745944615
49802,0.033635197493492204
39428,0.026007856637525455
31435,0.06332400795405352
38100,0.013970404749893722
19302,0.04034874678812856
19353,0.007920855965048702
23766,0.10487583316801026
47702,0.112140907880241
22826,0.032354033476136815
33562,0.04099889044959459
5187,0.023565491883622985
23512,0.02549514004217282
5966,0.02373998139696296
40000,0.06174664020791748
46894,0.07655786368649797
14217,0.0815659428305803
36380,0.026385569746996428
51488,0.010455487625648562
7267,0.02365943305243738
10986,0.02090618331760792
42055,0.0821695864313212
56609,0.01045501538892732
41077,0.037234237866317306
53793,0.03202158117635376
20257,0.054093572506117474
15359,0.015972156227158262
14926,0.04643153994155369
44656,0.031061675623657234
6513,0.10085624597567475
18173,0.015219810883598688
36123,0.07040974078027391
15679,0.024598810847682413
39241,0.03751015851851414
11114,0.022565786239444163
54244,0.01395175503827823
4510,0.02826804510791789
55904,0.014739018514648395
13391,0.075938780379365
848,0.02485333003231777
24869,0.05179056017253661
10459,0.024475193483007886
16213,0.03008828131158737
3437,0.057052601025303885
18386,0.009929321452241876
13039,0.025998237686640138
15499,0.042967156751792475
13326,0.07107901151089935
15806,0.03121982418901865
36177,0.07755363953868062
19967,0.01306087520847535
48862,0.03714370476047723
32207,0.0170204621762513
7703,0.02497925435382105
10915,0.0400355462967054
25501,0.11332744421966016
1599,0.026385569746996428
12257,0.03975886536449739
24636,0.035452656236254564
52670,0.008484743285489944
38992,0.03169244705707402
33016,0.05183021653950559
52204,0.04474253975213898
46953,0.00953609540931235
54202,0.012853381738581473
3298,0.024233168565748434
17462,0.05786605912458847
11711,0.018471804675320922
44187,0.04164251261853903
53307,0.012430618144266756
36400,0.055131786489246055
34034,0.024083686708683546
23893,0.011426167844385044
24710,0.026094371216183125
10445,0.026385569746996428
939,0.017423879827748838
25078,0.032376199937335794
44952,0.01829604757358437
18633,0.03543408724377824
57383,0.02696127806228771
20465,0.03624282858281096
51752,0.03289403245610413
42989,0.01938855333506717
44677,0.07441397025811029
29606,0.04789190351483434
56651,0.05249365039644712
52082,0.023308845025500635
39803,0.042197316392976365
31570,0.03923974040615035
26786,0.029687177104708026
50368,0.030355980967248865
57617,0.011104414688002814
26438,0.026385569746996428
35002,0.018580374148320356
19745,0.021722040772616975
57460,0.09320323101353101
48521,0.033729266359402946
34180,0.05206502078657536
24793,0.06338075677560721
40908,0.011710137580402276
50824,0.023994317344178083
53158,0.036189490945477215
31590,0.026385569746996428
48413,0.031879817588989216
29826,0.047441755459586274
44303,0.023813414156645174
12520,0.04637799805896837
22517,0.0506365118994691
46875,0.010895597525691891
49542,0.4550308610835224
46567,0.023453937721431495
43639,0.03715162935772294
20352,0.0517729096231653
16329,0.026385569746996428
31412,0.02397720274927778
39231,0.026422969964707138
9807,0.02497925435382105
18593,0.033711220406512074
7167,0.03394268627063781
37139,0.04428960038537104
27084,0.012589010303404874
10723,0.026385569746996428
6199,0.025281570858774048
29772,0.011415075396619337
43746,0.047136329748838995
6328,0.02037634662953158
39558,0.03139657928305584
6383,0.026385569746996428
2993,0.06951121878375746
53434,0.02497925435382105
55586,0.03053789222774695
54806,0.2109569441218651
20524,0.03151227026017888
35494,0.04098170488476808
46684,0.02374549248572977
2601,0.02850361352206704
55717,0.028034654749717374
29557,0.07481949812740586
13464,0.020465148909766015
469,0.018054634596428566
15711,0.025168383820364612
51443,0.03081550980770079
32755,0.03751015851851414
54167,0.01025874686433716
48864,0.010455487625648562
11968,0.054184072133683855
22160,0.026385569746996428
26021,0.008873797397156801
27875,0.02826804510791789
15296,0.02373998139696296
13378,0.020632683963796406
36739,0.02923546880645423
56317,0.07436253097662018
9199,0.026385569746996428
54427,0.02476492253133068
4810,0.028434617338484323
54868,0.0668417017921422
18415,0.02328708043636843
51104,0.011552864927477317
5598,0.026766475754878956
55209,0.024062449221908568
34455,0.01786724884069609
3906,0.026385569746996428
33530,0.038531541798978684
42922,0.10354403418827897
7340,0.01850740962076923
927,0.04642004980094211
771,0.01818386924260434
8528,0.02497925435382105
25578,0.02078475655289916
26045,0.013365132297006659
29838,0.03464194255922586
44161,0.04667242483649989
16617,0.023465180710519534
35501,0.021527246309528965
26706,0.026385569746996428
31744,0.012996841197168802
25002,0.056696665883279235
34250,0.008951881930428828
12147,0.04183913480609896
31264,0.0554381875698873
12994,0.026385569746996428
1790,0.07499739160044426
16048,0.02462920064061847
44606,0.06614318993038765
18713,0.026385569746996428
44012,0.028227148695985582
15757,0.03196714017302571
50309,0.02029341789315459
36562,0.06205251014892611
24443,0.11085432163161996
52337,0.010275883778577976
4413,0.08584283441498407
25975,0.01225708104168697
26137,0.029014060833818637
55963,0.02497925435382105
41524,0.020620041866081372
51835,0.011725593842641525
19002,0.023559213708414895
46643,0.017916978483532242
41820,0.026454859627171676
4182,0.02248877219426247
27538,0.04359360034353213
40916,0.05292120208900927
51626,0.011712394765498263
41222,0.012807514463315036
28542,0.024233168565748434
16354,0.027998487896148658
41547,0.033820178408167076
39693,0.034072379185524956
27620,0.023239259152309268
36198,0.04273802783137397
56262,0.026385569746996428
26659,0.01644609614556054
4244,0.03107027622579569
53995,0.013907863684098371
39949,0.03751015851851414
51566,0.011226484234045526
40472,0.035319487719649295
48298,0.05265011220405226
25272,0.011469621083589107
7503,0.02554630639019499
18494,0.04642004980094211
51154,0.011199608247875274
29095,0.0361244409470651
18299,0.006432420742406679
48183,0.029155833050090407
35655,0.012808555856924383
50122,0.007981326884773305
6108,0.06464519509357079
35748,0.03751015851851414
19127,0.06289010406209253
17026,0.024644203487678797
23947,0.012883339602057517
16424,0.034463550981771236
2898,0.022726785003141462
37411,0.019662877355360635
21315,0.023424275778424018
10085,0.026385569746996428
14584,0.05850812909624998
2517,0.15060074780300453
43368,0.01199037036396719
9694,0.02159078413061563
8394,0.02497925435382105
39360,0.05936958136673656
18683,0.019299053293279245
19485,0.009980519514097161
30708,0.010895597525691891
47179,0.0598549108990552
55681,0.013840258327484261
33046,0.0171288613241336
5757,0.02536551317214855
54548,0.03139985178327442
24923,0.06651258464887615
6515,0.02740669009464082
43414,0.011611762360554133
19639,0.08470685069781425
8081,0.021660222986338747
43362,0.046647087339741156
34426,0.008232301083212573
43667,0.026385569746996428
28866,0.03714370476047723
28048,0.010276862291752627
5055,0.043655362713170505
45971,0.012270133655859604
35963,0.029654349874707695
26071,0.011934916529277962
21202,0.018998015280146767
11943,0.026385569746996428
623,0.026385569746996428
7743,0.01986104175330812
6072,0.019662877355360635
52410,0.008432790035074248
6890,0.023213607116578466
383,0.05625697635333859
22811,0.00923383859594792
40347,0.011824602019362763
57252,0.013776968783598145
44855,0.056546445734664906
27417,0.01208234612991934
7128,0.028750891826276874
30705,0.014197127419924504
54772,0.009534916766731598
17681,0.010789597106137
31200,0.05389195100237759
26169,0.030740094459746792
28203,0.03615588588988498
13904,0.026385569746996428
30060,0.009943191832974117
31554,0.06623234076395905
2286,0.04642004980094211
7725,0.027693430351829276
14183,0.029077816857935073
46826,0.10834841729800287
5729,0.02826804510791789
46174,0.08073280123146008
39013,0.011514485041938766
46446,0.08622792242147838
39556,0.02480682568389358
21979,0.040135402086439474
1121,0.011584579306934574
8960,0.032227845842827195
41043,0.09801576850610486
56566,0.02497925435382105
52900,0.013405090350805124
22130,0.015640797383013078
51233,0.051906852519063684
46181,0.011025893699503901
11948,0.024036345918422033
22642,0.02826804510791789
13762,0.042078388449196064
12123,0.024593854991566556
23969,0.026385569746996428
18629,0.026385569746996428
42665,0.01986104175330812
38431,0.03714370476047723
35898,0.035610671462412376
19224,0.00891206607191936
4230,0.037784771132451725
18367,0.08243242971382349
29766,0.027850421341847457
49395,0.028546476652101763
54307,0.011041832927958928
33408,0.0268331731484028
942,0.024189120231442894
21434,0.014082685560327476
48192,0.11163576181571384
41215,0.022962287776650082
35808,0.017645598602341713
17914,0.030332821418638207
3867,0.028672049518618972
27502,0.014353681777967475
42999,0.022122387158381784
43436,0.03559958686096037
18673,0.01318373584769959
10907,0.024233168565748434
41054,0.06969098281005622
24902,0.02536551317214855
47960,0.052421409952108734
10612,0.026385569746996428
19382,0.02251620211946668
29585,0.019849415041109222
37348,0.015911558360903074
26031,0.01743130271434914
14237,0.03204322339070949
20568,0.03946404337059461
2133,0.02652265605764
56680,0.0264519728186492
1698,0.029418671928806452
34950,0.013499210929167916
7487,0.031251215459184196
12052,0.020686099056382076
35274,0.010115673390858943
23460,0.0372461786251432
20392,0.021117620238936697
7586,0.039930518198840075
283,0.026385569746996428
33430,0.028004678381194237
35700,0.02854405557339694
27533,0.03969339817544647
2992,0.016688905922946397
22280,0.017891662641084653
42129,0.038954705541155536
44176,0.021858006168936978
44471,0.026385569746996428
49992,0.09985004532637505
10608,0.02746793526045368
54911,0.020999069160101188
40707,0.18421223012017576
9951,0.021231440115433424
9055,0.024233168565748434
49951,0.047803380026497144
34708,0.02090799145081703
21479,0.05840376152477022
42335,0.022665133916733814
26682,0.07487132444628056
8971,0.032757902389860025
13793,0.02223129453302971
24212,0.022306766450510374
45732,0.015868125649174142
3219,0.014944592881887427
47740,0.03337507542146759
56302,0.02859499105769611
33409,0.014146492898680313
38073,0.016761648243879563
41396,0.02001825700104524
2059,0.0062868712852856504
33995,0.019743947756584106
26371,0.03932339617541623
5222,0.012894399521255984
43072,0.043218196232204444
47102,0.0652975817305496
45252,0.03340018004080295
55061,0.013534869321588748
16162,0.033834017735550614
56042,0.025213287190841854
22141,0.031472242877601364
13729,0.03473316547052945
47728,0.01829604757358437
8741,0.0269091856858058
14146,0.06879401421019359
18592,0.013712489984791422
52171,0.01128448509983621
15671,0.026385569746996428
23878,0.02147716912223157
26416,0.02383950605753307
9887,0.023113866682161692
12415,0.04025168417763046
12432,0.02118068307496078
37079,0.021555240531804108
10351,0.0352204310312186
8755,0.01219716948999439
7744,0.024475193483007886
44191,0.01280744869968749
57196,0.013324318537988981
6247,0.03911333742692334
48987,0.15840012817954835
18110,0.010567607905011248
43552,0.04956047576182443
40407,0.026385569746996428
19210,0.0259964667229987
6196,0.01850740962076923
38514,0.02497925435382105
36049,0.028981257460025493
48929,0.009196632380389204
38676,0.01820722011188892
39747,0.026385569746996428
52169,0.014742001335022887
52681,0.009148044605904277
22059,0.027992585211748945
48336,0.04782349712657975
36546,0.0309488709471696
50365,0.026453245169881297
53468,0.009403451438275392
45097,0.06760294293406241
50476,0.0182627194221513
33468,0.009329865928861366
33232,0.01729407703685467
39967,0.0644024116201465
22845,0.026004459485033056
22639,0.024903002904792707
32291,0.018078112555033547
6926,0.029077816857935073
45948,0.05297301172613374
18144,0.011582531244772497
35385,0.019365395143465
16158,0.026385569746996428
28816,0.026385569746996428
57116,0.03685631783130636
48951,0.024941927391890665
16430,0.029077816857935073
25872,0.026385569746996428
3555,0.030050096751233938
20701,0.03965339238118492
34868,0.045329337294725144
20613,0.02826804510791789
49832,0.024814946697428064
2273,0.029077816857935073
40028,0.017780986025516646
37627,0.025814038249378075
34210,0.03526879940835083
24629,0.03528013464350754
31101,0.007369817763157875
4518,0.026385569746996428
29847,0.016641481567266313
29547,0.0400047530510505
19490,0.011166439341167362
22714,0.026385569746996428
8404,0.01529098494291865
2186,0.019662877355360635
49220,0.02923546880645423
10904,0.04184252123025847
49963,0.01997461168914209
47213,0.023148373649350774
54105,0.037579129120988174
25066,0.046823506116756
30065,0.035775859664896374
26100,0.022891450019424935
9242,0.02864466313242305
30558,0.0459890430015952
56264,0.04330292860301311
44244,0.11372347713702652
40661,0.016568509794052402
35949,0.040288089636366924
38855,0.03751015851851414
49897,0.08019162918641581
39539,0.057012506147248176
7497,0.02163566041999924
25011,0.01729407703685467
45335,0.029377629517292152
51136,0.03233092903266656
15617,0.03776551650855516
4580,0.026815604049622122
38416,0.0284338143318208
45364,0.09343417335605511
28701,0.06259737650743899
39396,0.02276708798581759
15483,0.06876901173716508
38050,0.22870413724079744
40562,0.026385569746996428
53902,0.028013051226512337
49445,0.079768653625225
45316,0.07282828594574639
31304,0.06411120329757755
8375,0.013342554778739895
19532,0.02835333971886851
12335,0.03481844639002373
2820,0.019899536057284575
51348,0.023138646750050288
10949,0.03678184961424015
6809,0.024475193483007886
9314,0.021788238657050017
10496,0.022726785003141462
56501,0.02497925435382105
31118,0.042368211817902054
31641,0.011770399265098689
8279,0.026010935591854273
47904,0.029574871705726757
46744,0.030451119172886364
51605,0.0680566868807902
13558,0.03569927293825754
42813,0.022984214397134592
23661,0.011769553661206118
52360,0.011250345016427188
44186,0.02784790015016116
6059,0.026385569746996428
26373,0.025530686518655782
37607,0.120371881794941
3707,0.022149093796937854
35244,0.021238194600155493
49212,0.014177783102017779
23436,0.020633409822569188
34562,0.1677523897890511
40163,0.026972581650993876
6702,0.02460472213245911
7982,0.021047791726553123
9631,0.035652563499043506
9856,0.024476242820929417
11860,0.0336186073435303
1298,0.06439794600802284
39883,0.019052799925988788
13912,0.013578002706524896
48164,0.025839306828497496
21968,0.015221930701896631
42689,0.01961535038457278
39652,0.013074308270813993
32105,0.01975226483710109
54363,0.01895305097465631
34027,0.01393929870512681
25031,0.010565322093227098
10604,0.02497925435382105
41365,0.012018019055694966
35914,0.026385569746996428
47569,0.026453245169881297
9444,0.020147332163964474
49185,0.19889473643950092
18591,0.04214583267282319
26374,0.06183795177730222
16413,0.03728939440387507
35692,0.05307115444680869
6933,0.01850740962076923
6415,0.026385569746996428
55647,0.04431926899226154
45756,0.0218282209076558
54976,0.034617255763575924
27292,0.04762904959216898
43097,0.1934313711115329
32914,0.03544679530845612
49690,0.04738363102434959
12824,0.03121982418901865
5879,0.029077816857935073
52065,0.013259520692907865
28093,0.024644203487678797
23691,0.09067999928362419
8665,0.05920261610607473
13719,0.02497925435382105
13623,0.059029002503488234
16870,0.027940167257570574
19524,0.01564244458644197
44307,0.024511775843094823
12157,0.020035091830799236
23971,0.026385569746996428
3308,0.03720731278127707
36748,0.03428590528648193
51079,0.026385569746996428
35861,0.031341336997264206
19831,0.07367932316124669
24895,0.010574792032656613
56020,0.021924072853312816
18219,0.009535520150989433
36179,0.038866862715049584
8145,0.04496101394867482
21964,0.04763382853477104
55093,0.026228905621673012
44356,0.03535676774197126
2445,0.02765386038640686
45805,0.035805975174381235
10317,0.025819733133398616
8939,0.020732511880095044
25999,0.037525528799139674
54390,0.04477931148324286
35182,0.026385569746996428
40455,0.019662877355360635
53054,0.026385569746996428
22710,0.01521557016492305
30747,0.02387894472247711
31487,0.012213335262887365
32225,0.026925040210685848
5831,0.02021235689570061
20821,0.04450677066674867
10803,0.027314782895606786
41039,0.077511259215059
14000,0.02333490383741097
10477,0.03366211534902151
34423,0.1443691963821163
29658,0.04117833928659696
52253,0.02375482288586144
18969,0.014468721281007487
3116,0.026385569746996428
15719,0.024870545928813704
38602,0.03691398210744143
18868,0.04580489363182792
40651,0.01658878138136831
46499,0.016454230990614018
19660,0.027475096705375436
50294,0.01349806334589707
54895,0.011206343619476755
22381,0.026385569746996428
14896,0.019662877355360635
11006,0.053190841465537445
32507,0.052832348537535025
20295,0.015952289590077672
26959,0.023957684394154022
21382,0.018402313088926224
37252,0.013140028774961498
49058,0.019126209997681654
18999,0.032101222650032055
35322,0.026385569746996428
26615,0.014197127419924504
14044,0.021660222986338747
36753,0.011769553661206118
27865,0.026385569746996428
10441,0.015334906988940397
26609,0.03213888814558095
45547,0.047494342991050695
9687,0.0278224514661692
29194,0.03238651651725326
55125,0.03151227026017888
31492,0.02118068307496078
54422,0.01028097077430343
55949,0.03705700568599958
5921,0.020278923025781423
54979,0.012698393012584555
3861,0.024233168565748434
20395,0.017387143291878952
54213,0.03550193649425868
4044,0.02826804510791789
56341,0.013230310286936433
21115,0.012649919684188762
56002,0.021660222986338747
2541,0.031950684280770004
47889,0.09337905040230925
40804,0.04703537283742188
53192,0.012594413420241595
33748,0.1451569984303222
13539,0.023009472394375306
23635,0.052608609829080555
51763,0.014066057593439225
24790,0.01242163922651393
11993,0.02644741570887344
13847,0.019662877355360635
14165,0.03673665320662808
6573,0.020572810091727876
51042,0.015638248230410493
48034,0.018228499783763476
28329,0.008624996943194189
20401,0.014569149727733776
7277,0.026385569746996428
34281,0.012337982244042688
7272,0.026385569746996428
5582,0.017446060720384064
33958,0.02691983682550417
31296,0.02456992833549863
53555,0.02228255205068483
3615,0.050240652233273515
8357,0.022442306718828305
10262,0.006428317705269716
11208,0.06486554681183564
21980,0.014701782151854624
22782,0.003181030760757016
54825,0.01972687987023731
29248,0.0309488709471696
42183,0.026385569746996428
54529,0.010455487625648562
37639,0.020566603058886107
51540,0.037685880094581986
31646,0.019143066619726017
27058,0.017737205548718726
7949,0.034531611553870724
46336,0.01351826602473765
55443,0.02501663638900657
56364,0.01254040945833192
19719,0.027940167257570574
5683,0.04942999997922498
40897,0.05707464923332151
48435,0.026385569746996428
51282,0.007385191995135798
45954,0.0818931827318204
50208,0.02134037107806835
14510,0.026385569746996428
56746,0.05748124562112934
30113,0.0284243480073771
42305,0.09073617959095631
23346,0.048263074877010224
30854,0.014368746854093756
25678,0.06760775775299477
12203,0.029451962374246413
44094,0.027169220199908195
45664,0.08365256930227029
15200,0.026385569746996428
49776,0.03878364728833112
32918,0.023067772081190215
41729,0.026385569746996428
49945,0.05389159370882469
50130,0.22315831250791276
3493,0.016611131114224034
32811,0.03751015851851414
54172,0.013970086575242876
29860,0.026385569746996428
28367,0.008134750591878497
13835,0.026385569746996428
10241,0.024475193483007886
19113,0.01719287105578652
3863,0.018096722978223515
33771,0.028434812610936985
13614,0.021958686698164046
52405,0.0336262479124805
25201,0.05493339110695151
16931,0.04995664559311399
22862,0.02048825592346243
56150,0.02536312659806104
55519,0.015203612777553395
2741,0.06821456035746755
56721,0.02709653274132834
51519,0.02692107273956694
17617,0.013175033698938781
19634,0.15505984585293073
20512,0.03457165082412938
11348,0.021406812474618255
5708,0.029673081260456372
48424,0.016810493859670025
53849,0.02416303201691862
38764,0.018186284923388762
8768,0.026477847242429235
18623,0.018402313088926224
25524,0.055760878471835834
45068,0.03321989105387241
37061,0.018382545920179287
43091,0.014383752113304305
41585,0.02823318253627115
39600,0.02221005858608094
5371,0.026385569746996428
6919,0.009159142913879804
35881,0.03712876928990495
40948,0.025862778469596618
34127,0.014097049144664274
41790,0.03751015851851414
913,0.044320170302812184
56499,0.014080236870909296
44416,0.15630019543181162
55433,0.05008077699388375
46972,0.04109481027398839
1738,0.01863215210110108
27298,0.03340173936759588
27456,0.026385569746996428
44236,0.04710607609057567
1274,0.006270104591704159
16731,0.026385569746996428
28086,0.011548843255555698
46244,0.1482175461433524
807,0.026385569746996428
31165,0.11541993814368988
42265,0.024525400330450937
2441,0.06940019355455118
262,0.026385569746996428
11902,0.020982927065719362
56067,0.02475487004990151
20376,0.02935480173233575
2004,0.026385569746996428
12376,0.0404413459169181
10180,0.026385569746996428
34418,0.026385569746996428
31366,0.029835660009058653
39497,0.01727657342597397
28279,0.01786724884069609
26735,0.021660222986338747
32741,0.026385569746996428
19231,0.04222758820794153
33899,0.0869416152985623
56611,0.020765041596535107
23242,0.02497925435382105
36827,0.0943546368820122
52520,0.01024434416521364
17717,0.06901450729636173
15550,0.02826804510791789
22162,0.01367803645109054
6145,0.01850740962076923
14399,0.022586874714397
41619,0.03507037420158914
48408,0.14137279743954417
23125,0.01729407703685467
49063,0.016036350102817818
18182,0.03578102851959966
14858,0.026385569746996428
41519,0.040310329400590705
55373,0.020016070077095046
29213,0.01822344981684074
5501,0.026385569746996428
35669,0.04934415263890453
32213,0.018723196692382874
44017,0.011104414688002814
27756,0.021621879553421323
32204,0.02328708043636843
11680,0.03658333234870684
40807,0.02138438835815288
2638,0.02826804510791789
38511,0.015972156227158262
38974,0.056538376240354286
29864,0.018436020269627665
4165,0.020750539520959257
30156,0.030802968260993387
48238,0.034363895822873344
433,0.07230542381712297
52868,0.012365404617109334
24200,0.012675149375243347
39304,0.0630385966748764
35880,0.014043658288591884
13858,0.040576519205376596
50050,0.026385569746996428
36274,0.020620041866081372
45953,0.026385569746996428
15943,0.006513380084874651
4892,0.07444510466764949
40365,0.015284642284052173
16355,0.023854144351180474
17542,0.024253305280043148
26816,0.027940167257570574
48945,0.07522091029386441
22013,0.014217881498645502
49446,0.028796747334419434
14865,0.01162884729059912
9485,0.02471111165614172
25528,0.027427727028815865
32681,0.026385569746996428
17656,0.022632615270487825
1972,0.023592800561137234
37293,0.05257137908446273
51155,0.005250162810857604
5012,0.026454859627171676
2030,0.022815382995583076
10890,0.08664017325745381
24999,0.02497925435382105
35625,0.007722082599241512
47971,0.022016663724005195
17284,0.016708038875329664
24712,0.026385569746996428
18250,0.021438176180486317
41137,0.02910672650276451
22579,0.026385569746996428
13752,0.02344550746197281
24929,0.03708490597186404
57395,0.035357777993159964
46417,0.01724952633880218
55128,0.05028901976696265
31825,0.010249865689503737
25303,0.008122946048537874
15157,0.008245768185481313
46930,0.010905940527094145
30612,0.016283529332734088
50750,0.026385569746996428
37979,0.026385569746996428
39312,0.022499367884389842
52998,0.026385569746996428
27051,0.03208317817195779
40912,0.12097563153665303
30234,0.004679725528666242
38274,0.026385569746996428
16112,0.0651663096324323
37416,0.012371849639216451
29276,0.026241939751588037
26242,0.011364826486670199
40886,0.21587184110642088
27719,0.03902343615646121
13022,0.026385569746996428
20217,0.016081282894092927
41817,0.05019119027285154
28959,0.03587609924594608
44422,0.010381507125990919
34276,0.024165399268290453
12528,0.027856134673847465
32233,0.026385569746996428
24769,0.0427046667594321
21254,0.06113072849690055
28406,0.050238234668535546
57554,0.011837756965842852
47051,0.043960200661068455
24132,0.03459249239534744
11716,0.02091084428459254
36840,0.00792200720569705
33504,0.018622518659617716
23846,0.007291382947356024
6230,0.021450505513548827
34403,0.04034365640397449
2189,0.01163599038356167
18862,0.020402264904298317
12969,0.019007541327943637
20475,0.03728939440387507
31157,0.030552160662157775
33856,0.04206391670844179
3933,0.03362320504708378
31009,0.026385569746996428
25581,0.01924053048305412
26392,0.018346899436162998
11270,0.028920643218189886
21402,0.026536425947293007
42576,0.06801237236339498
53895,0.004616339119270198
20513,0.02176293717012023
8972,0.04697526089227891
10849,0.01949196519449018
57305,0.016431963810040903
51334,0.01589043022149891
8480,0.027142922034803035
44210,0.026385569746996428
12946,0.037927315628969456
7568,0.10070303545563745
43830,0.026385569746996428
34973,0.040571936727602675
17713,0.008347497767502194
1156,0.02826804510791789
22529,0.08215092303096493
985,0.022149093796937854
52951,0.019169416807481104
33865,0.04781682335798699
35966,0.021660222986338747
46236,0.061743091794801204
44468,0.08897718155114419
12759,0.026385569746996428
19140,0.05536990184457631
30439,0.052656206828155895
48642,0.07809700405853051
8006,0.026385569746996428
11505,0.04000596726709633
57008,0.012430618144266756
13818,0.035984836261550995
5373,0.014446205307191925
55893,0.03418638820322885
10130,0.048846214439875316
41088,0.03526914643924378
39660,0.05136053805989788
16812,0.059206009781697294
24334,0.010871270859369096
5996,0.027940167257570574
53771,0.01564487904822826
8961,0.007331424360349324
45182,0.015599645012640759
8251,0.02489766226298207
41806,0.10345746771298439
38830,0.02350818651979806
33250,0.05625697635333859
28501,0.04098094595208248
4855,0.16145743740870547
32348,0.02780371669461523
41827,0.019365395143465
14029,0.018331619809882876
3402,0.023391517326541388
47648,0.018390597673213938
51375,0.012576172311173563
27548,0.03911937635800332
43522,0.024189748529515057
10859,0.13413621791135424
2362,0.02061870199170442
46461,0.2675471829608862
30275,0.028264572711737105
46504,0.021918251375886648
36758,0.0381178835963294
42168,0.02138365652936382
2868,0.0269091856858058
14238,0.03121982418901865
57616,0.02178272542254065
12160,0.060917378560066536
25983,0.04034874678812856
38707,0.06988632167871645
19826,0.011395589477830363
43317,0.04706168807159335
30950,0.018436020269627665
20088,0.023237243445779023
44084,0.05224881037192915
2830,0.02522495833070211
56426,0.08628826905468219
32289,0.026385569746996428
49171,0.026304442817588605
35308,0.028530906436371278
1623,0.014524956023129887
25946,0.13221671859666767
31444,0.01859719366630865
54138,0.02352211042346942
57081,0.02466542072382735
46803,0.023499125709629164
27651,0.013528885826797331
28632,0.013638197432077843
14552,0.01735925260379074
53881,0.031200042830521902
45243,0.08185568547658859
31454,0.021511347062298628
22157,0.06970768973671963
46941,0.03179929268453572
18031,0.024197670910267362
18603,0.05345821558705597
5876,0.029315754088429125
15639,0.02497925435382105
35226,0.012314094042991885
37757,0.04062778603849635
28066,0.03599293248184157
4016,0.023854144351180474
6181,0.026385569746996428
44381,0.00952710707597931
13061,0.09040361732201224
6631,0.04198366898656899
23830,0.02826804510791789
32803,0.029071480805442283
16895,0.020353683256514675
41959,0.01952012035236286
24374,0.02497925435382105
41416,0.025147176648672713
4896,0.016665255540360798
13438,0.027940167257570574
7072,0.021839347144056935
11836,0.06289010406209253
3461,0.031646609065234886
50854,0.014879693769439267
7040,0.05335323763229955
34358,0.147109393886231
57528,0.045373654101618276
36054,0.040130343407545566
4119,0.022847277361517038
8350,0.03121982418901865
40550,0.024920001614794955
24638,0.017008900126970854
32987,0.024644203487678797
35729,0.02848195008195981
55088,0.02379064106292037
21270,0.015722279030764907
54959,0.024112318377695625
21420,0.016833663818906185
34045,0.03553255662433729
2622,0.05091303166687758
39708,0.06469730358765365
24163,0.015738514344988446
28189,0.05652165476349028
3001,0.023504044899538466
36056,0.011603954298174719
29745,0.016565231991698758
9398,0.021573852185249626
3776,0.03117621575103972
19898,0.02373998139696296
31005,0.02221005858608094
49296,0.07926633935900154
54195,0.014431255819524095
16954,0.03456212442255
6788,0.026385569746996428
13295,0.02118068307496078
56603,0.04992391926665767
20274,0.019754106501128403
27497,0.027932619633736607
32662,0.013013399440355343
9100,0.02826804510791789
8788,0.008539108256588199
56606,0.0034228261256449614
20795,0.07994448928072811
55507,0.029955021081433456
3850,0.020750539520959257
31565,0.028264572711737105
17220,0.012560769174035704
29937,0.02811762221138642
10593,0.026094371216183125
9981,0.026385569746996428
21610,0.02522495833070211
53906,0.04157600070390952
55438,0.028757415532081478
3077,0.024475193483007886
35702,0.03284254576500531
2968,0.018369443475153947
46405,0.08755355972871716
9351,0.03403924383754388
12522,0.026385569746996428
43248,0.0564482959205898
41046,0.026385569746996428
17016,0.022640012543257336
16313,0.02563657358963048
36711,0.021043200358344505
10544,0.04043356062338292
27813,0.014386160362813484
33231,0.03122834291279053
42398,0.10403730265497009
32366,0.053651544602235944
47016,0.015466197568200911
28691,0.07907257910700617
15603,0.044849094709410994
12208,0.026385569746996428
52684,0.005887800012345937
47183,0.03595137541421958
38837,0.058531431981343425
29818,0.03855138223068133
5676,0.026385569746996428
43755,0.010314407193289311
32986,0.016341302285672047
8034,0.02826804510791789
4048,0.015030244570175318
57187,0.01786883737595224
32085,0.03705808016204334
38156,0.026385569746996428
48717,0.04723799882080296
17808,0.02826804510791789
36467,0.009383550620967301
34686,0.04042747722179794
22029,0.026385569746996428
51899,0.033789115805925224
52518,0.01219716948999439
1497,0.026385569746996428
51246,0.03979219556378313
56183,0.010074029724499238
1400,0.029077816857935073
46471,0.026385569746996428
4305,0.021556327688173615
4326,0.026385569746996428
39541,0.031948948754069624
19027,0.009377740082476573
55654,0.018754371758280153
15724,0.03344417930781135
35630,0.007981326884773305
18587,0.010763373410463064
6522,0.036514399490683594
46749,0.009485262564832453
22905,0.016439476120767182
811,0.07050580180804585
32617,0.042679459990995164
44853,0.04139915985297998
28883,0.02221005858608094
49620,0.018833648515115375
23479,0.021322895645916037
30942,0.027693430351829276
34767,0.026149249898592377
30516,0.03751015851851414
23414,0.02826804510791789
9538,0.022727761127048204
34847,0.02923546880645423
21720,0.020853165406613396
19685,0.01951952065835819
31725,0.016104960840677744
19511,0.019785883695779355
50586,0.02497925435382105
4107,0.014300007612746473
3635,0.03609889776714567
37994,0.026385569746996428
849,0.01928361563686366
46553,0.026385569746996428
33947,0.018201830922748005
53126,0.02497925435382105
45675,0.09166540325490875
25440,0.026581987726559845
23079,0.027940167257570574
22790,0.010115673390858943
3011,0.019917570794449526
17203,0.01413806823149796
14395,0.03551295531098408
16987,0.01830748787445368
33224,0.046535379451032706
20873,0.03369492655483168
46009,0.03013198870202182
9167,0.10394775261262831
11380,0.008703106009310417
416,0.02333490383741097
52155,0.0249582689706592
22910,0.04877648818470408
23101,0.026385569746996428
15255,0.026385569746996428
21475,0.056675279060295077
480,0.02855455811026741
9648,0.10260315436777644
36470,0.04109762012819513
20979,0.026385569746996428
34327,0.0387916122522691
11658,0.0269091856858058
28059,0.01922212517111637
51802,0.03443554069632295
32706,0.08297129179134956
57084,0.02572489122906383
55336,0.02497925435382105
1644,0.026385569746996428
15311,0.07070540493850345
18303,0.03167059475918928
42859,0.03731978171926088
8745,0.07918265484816021
43609,0.026028546961530535
7751,0.0539323692217428
27613,0.024644203487678797
42697,0.03122319762137001
38983,0.02050232317691538
20375,0.052875231189440305
351,0.030050096751233938
29246,0.02497925435382105
36036,0.03751015851851414
39642,0.026385569746996428
49833,0.02314640068797665
5823,0.026094371216183125
53607,0.02497925435382105
14006,0.026385569746996428
27366,0.01945935387453573
45078,0.058248030336668
48941,0.012158534231959475
17554,0.028498030685026498
22877,0.024235298208940888
1853,0.018436020269627665
167,0.026385569746996428
43211,0.027509640401325423
41516,0.022882347086245727
1640,0.029077816857935073
3584,0.01865763626301318
4077,0.021947993064317776
43900,0.017288348135271754
18572,0.011277353467693983
43227,0.026385569746996428
35782,0.008631644129057425
15692,0.04900967666608048
7932,0.026385569746996428
51587,0.01608367324117669
39798,0.02701806604235001
55252,0.016871572120466475
46042,0.05088328396310097
47812,0.12386986583500675
37694,0.053130852968882245
52200,0.0163859941877393
564,0.04126433074448064
49784,0.060939634080952425
12551,0.018369443475153947
18216,0.01811301648073514
4513,0.033149111578368154
17960,0.011540920787845695
15970,0.026712488457110713
42141,0.02237996204330591
29569,0.2131833299547505
17437,0.010558122057239754
41603,0.15812720742347736
7414,0.026094371216183125
4689,0.024475193483007886
3002,0.026385569746996428
41447,0.03501123218521264
14261,0.012631538278311783
33656,0.023156195346440415
22194,0.02826804510791789
39806,0.042688684634422804
46201,0.011766460643605278
40568,0.023874841218106724
29642,0.011781919745912537
15780,0.042469591197817076
21138,0.02497925435382105
18965,0.029077816857935073
30368,0.013074308270813993
13897,0.023555039574080082
15253,0.031539952950303055
8449,0.026385569746996428
40749,0.07766590992110002
44372,0.03834765289376886
37810,0.07010913549185024
5436,0.017210071240283304
9194,0.024233168565748434
18558,0.04856363539736124
3489,0.01618600682639811
26743,0.02826804510791789
955,0.02240709919989793
41985,0.017899267641912055
108,0.026385569746996428
2440,0.02019991752248379
29151,0.03227336461244054
19850,0.030385310615391296
53559,0.026442656186791442
3446,0.019365174149538842
53666,0.04873856565774236
6651,0.05091303166687758
48855,0.016854826568326205
30809,0.09150594517821584
11807,0.02497925435382105
30223,0.014414463014167107
770,0.022149093796937854
279,0.030050096751233938
27224,0.022726785003141462
25606,0.11509646266221606
20057,0.054848834179395276
53562,0.015523950272035849
33330,0.01081043034680409
51269,0.026385569746996428
5195,0.044781002000817284
42010,0.01192911395286506
32086,0.02777852267267483
15978,0.02986022494145435
50299,0.00927531944378937
43891,0.02442287780357306
13035,0.023504044899538466
70,0.026385569746996428
25962,0.02248857839866427
3732,0.026385569746996428
56782,0.028663653611153233
57028,0.01608422519435761
49982,0.09830332408612404
41155,0.012013030812288251
16887,0.045143113371582
56953,0.023113866682161692
52347,0.00545045822500368
15207,0.026094371216183125
536,0.026848413739665237
40839,0.013077974214124833
21221,0.01798861330790827
7306,0.03269277092276982
26338,0.01269029018556396
31266,0.010130003134453947
31988,0.026385569746996428
30038,0.026385569746996428
18184,0.010895597525691891
31347,0.07879807307111972
21109,0.024223868309129697
17596,0.0071057250986910365
44397,0.02923546880645423
47032,0.0265494504492213
17963,0.03380138891939295
628,0.02118068307496078
682,0.02844391666387136
52957,0.023597455302796614
55008,0.021859571842760765
32754,0.019746779709797112
16599,0.018436020269627665
41304,0.018954859445016625
21958,0.02497925435382105
10657,0.10782426906069073
43328,0.13382590611512388
13059,0.033154141096257535
53286,0.015700938255820626
56493,0.026385569746996428
28033,0.03598900027567737
22125,0.008753023862085289
33609,0.02497925435382105
11632,0.02665469835220781
22224,0.0374573566395667
24675,0.026385569746996428
7070,0.0385038828246204
11024,0.02180420165754446
46096,0.1673429541706946
13398,0.026385569746996428
9068,0.024275364286754468
36971,0.013324318537988981
9526,0.026385569746996428
29083,0.018037141673154983
13924,0.01918852562081269
23730,0.03157060707811905
52241,0.01399131087202696
32104,0.03595137541421958
37365,0.054332534199711256
50344,0.0171555535649591
18138,0.006890465896863839
8489,0.013190884839045002
6010,0.029157627599324984
54634,0.0249582689706592
52444,0.026385569746996428
47737,0.012469013854574162
19478,0.02870393563203707
22344,0.026042022852372507
48465,0.013482651243422423
38891,0.0226158045488097
55184,0.011433497237413853
10029,0.01395222337877153
39911,0.01910932435760769
35347,0.0557781401846502
30759,0.01850740962076923
30293,0.09496916789147808
18342,0.04494590083326807
10311,0.03288872386887135
53991,0.011900377523370474
47570,0.029402432789969322
20889,0.05764259445834921
36003,0.018168391424916348
49883,0.019342247246807408
56525,0.013435361681571842
14131,0.03341211307040473
45318,0.013474325193601974
21816,0.03593358852486717
29512,0.026385569746996428
21135,0.05374689131545002
7063,0.08840662842187977
57555,0.03070942502203456
48615,0.015647872538890086
26391,0.026431611741969657
48566,0.05123469322357715
24171,0.027715409215451726
46065,0.16095119396136298
50355,0.2606208842438897
46292,0.03195974937209042
55606,0.027005105515631657
26607,0.044069782419129275
25233,0.02826804510791789
13325,0.029077816857935073
31712,0.013556799152536755
1197,0.02826804510791789
37535,0.01239073180336778
47609,0.021459259222382166
46321,0.0618461581431418
41778,0.011266750285667875
30754,0.014210507909156529
47146,0.06122234913074129
19597,0.027142922034803035
43161,0.029398163653051052
54108,0.04262521614007356
55086,0.03137115811797757
47576,0.06774297294886236
22306,0.02328708043636843
31201,0.009815090917981252
1489,0.05819019484464106
24988,0.02675274137988589
20685,0.048377494773516376
45265,0.00942507387519328
7678,0.01726875171395317
4826,0.026385569746996428
56346,0.019803693062469815
9632,0.026385569746996428
39471,0.07087567039551365
14279,0.05174625288084051
32729,0.03716135689272514
19211,0.05091303166687758
12144,0.037694110465809116
48906,0.008412253616385071
9206,0.026385569746996428
14067,0.029633230065141434
12753,0.06782315004852411
37414,0.04229001467429154
32816,0.015219965977784524
41211,0.0309488709471696
15910,0.06347611114991521
48876,0.05787215330303596
40650,0.00814860889221466
56184,0.02328708043636843
24702,0.02322265172920139
18427,0.2209543824615053
53622,0.034108258882700006
20728,0.020652797797490335
26244,0.03930145227850607
48099,0.03790116589775296
53031,0.040504877341706075
55608,0.046593847619959924
54182,0.012835214657458025
45980,0.029873933666318058
40594,0.02497925435382105
28551,0.03763995515793519
86,0.02497925435382105
4704,0.01939149825465853
51449,0.014669190219763529
43373,0.02328708043636843
23627,0.03023662613241859
50174,0.07128019347504229
25540,0.028342134560656682
3378,0.024475193483007886
33075,0.048806416401306896
27191,0.02118068307496078
29352,0.026385569746996428
46935,0.020593011940639755
19165,0.012188334286903496
54934,0.026385569746996428
7266,0.03342927460775344
28403,0.021480516811970593
8239,0.019220930791319986
56428,0.010661919938018814
14128,0.018080576128216206
53966,0.029744096161373697
16169,0.00948017396650022
4815,0.026385569746996428
43279,0.06897177002025597
12964,0.02413823933427848
49453,0.02169315440624059
37917,0.028268237478481457
20633,0.03864686142733557
53985,0.015315572735655696
40330,0.042679459990995164
31702,0.05109851636213757
56967,0.0217811213830629
28712,0.026385569746996428
23805,0.008099010291451013
46453,0.028190337805895947
49938,0.09828596846930542
2055,0.046494226386656186
41681,0.01644609614556054
45204,0.044432294278211715
17967,0.027021409027863028
50148,0.11982370474552484
37624,0.026385569746996428
48032,0.04405442062796464
45928,0.05381531512167697
40922,0.02155070019674751
9459,0.029349191921897323
27242,0.010081075798706913
1570,0.02497925435382105
30186,0.0075503510466070085
47026,0.04485011629635944
4285,0.023854144351180474
32034,0.0524666384978599
29748,0.017203760553520922
9293,0.02048825592346243
4613,0.02295510472862996
11541,0.03277148658923603
52525,0.0319707573568076
42773,0.034363895822873344
45074,0.07512168402729227
8668,0.023213607116578466
19753,0.08399638325949833
36391,0.05009301823221618
2138,0.0263015473655554
53083,0.013074308270813993
21489,0.031174034325834654
35117,0.02497925435382105
15736,0.02585090862003363
16517,0.02156281357491092
17396,0.035245474668424086
5638,0.03809428445028557
18266,0.012451134240207913
45508,0.010846100574314156
46429,0.02207149726918307
16423,0.036594887075588244
33874,0.03473728610553208
47394,0.010455487625648562
3931,0.026385569746996428
21590,0.03151227026017888
37120,0.020620041866081372
6311,0.034306519246674556
15247,0.0333507504631567
39308,0.026385569746996428
33977,0.08536655820540531
36590,0.07322018167375542
27933,0.02028804542983679
28827,0.04713560017998719
45824,0.0843653232896151
31536,0.05159526857365973
15269,0.040447565519710064
7284,0.029077816857935073
32064,0.011018310542840611
57512,0.026385569746996428
52494,0.047834236399423496
1122,0.02497925435382105
21161,0.05884916071965126
173,0.02039482221011289
47872,0.011587078595265353
41736,0.08024224383735859
26362,0.01850740962076923
35276,0.029941071935370107
32459,0.026385569746996428
52409,0.01025874686433716
29214,0.061158729587379425
33728,0.01274062478679748
3316,0.023261211956386942
2276,0.09983586616052906
7841,0.02676415442207215
14061,0.03527732805065443
26095,0.05151236672137525
16323,0.02284342682751169
9902,0.02676415442207215
44741,0.032954041732677394
51953,0.06580796170245629
25116,0.026385569746996428
55935,0.02497925435382105
12059,0.03101826235765278
37753,0.05432160402450026
31468,0.0894431370020243
8966,0.02826804510791789
15607,0.026385569746996428
13586,0.03950293783457823
439,0.02676415442207215
850,0.015344504078612159
3570,0.05077758860953726
1438,0.026954797523384873
42983,0.081645841178341
3639,0.026385569746996428
42743,0.019123947569043447
41731,0.10769373030088827
9709,0.018141166032350112
22952,0.014642470226873778
42528,0.026385569746996428
6896,0.02696170652444002
44815,0.040998140039025334
15680,0.009728179529955151
46345,0.01730242493480634
25580,0.024233168565748434
34825,0.06357500899938721
25928,0.008710017706991462
23335,0.015518645785090655
33070,0.011104414688002814
10577,0.024790577574446467
2022,0.02481123394319625
37816,0.027582190510358155
45110,0.03735563627243071
10678,0.017210071240283304
19368,0.03711867417801623
23287,0.026385569746996428
52750,0.012033440201739149
7401,0.039122782649763634
25337,0.029077816857935073
23967,0.010895597525691891
46693,0.019742150559887234
41762,0.02497925435382105
17823,0.04042747722179794
40206,0.014695832689930502
17348,0.01693799164013538
38184,0.034363895822873344
52398,0.03452249283903813
651,0.020750539520959257
52576,0.02497925435382105
23204,0.06488917935524713
39002,0.026385569746996428
35977,0.024644203487678797
57108,0.00884142618527216
34793,0.04171892138147587
47725,0.060848929487299856
21257,0.04511725617908558
11756,0.030050096751233938
14513,0.028342134560656682
11509,0.028645710433563815
18780,0.056239984819283384
52938,0.02094814411433039
57324,0.021660222986338747
27057,0.013608361457160814
36697,0.023874841218106724
55485,0.02096738887894602
51262,0.02497925435382105
13352,0.05192383297849919
45684,0.034650724478236736
12345,0.027482632474023678
52593,0.026385569746996428
45223,0.031202211524688057
6942,0.017649026731742748
46322,0.09820583611645836
29028,0.0777024442219292
56920,0.021592817145043634
56475,0.02497925435382105
31787,0.05535358035655876
1534,0.024931231168999573
33907,0.01353172275464139
52834,0.010757991061438791
36276,0.01705336736809422
1596,0.03121982418901865
41823,0.03507829692398007
31694,0.04773832827218154
5946,0.021660222986338747
3221,0.031678992676764675
15521,0.04471153484186517
8879,0.020364450693312993
51462,0.010455487625648562
37722,0.01579345955148741
18696,0.03023712071019502
44897,0.012629578345988055
3604,0.023974364075438067
39375,0.02687411696097759
15644,0.026385569746996428
52005,0.027466847017890955
19573,0.011541175341526034
11562,0.04407545425401148
5576,0.023748083589442658
3792,0.01573284733958819
49762,0.09363000731160245
27842,0.010257924967467792
54484,0.005847319177761913
44208,0.027732189506634888
49141,0.05054966117889424
49704,0.17479228043764042
23213,0.030591693757047133
861,0.025626671803260826
51410,0.012629578345988055
47130,0.03580176675509983
10824,0.02826804510791789
56910,0.010455487625648562
11342,0.04252757484615317
5137,0.04156285195083952
109,0.04746582152340265
25219,0.02274414035953184
4245,0.024855252174518033
44608,0.01019365536413935
4202,0.026385569746996428
4139,0.027383011969748215
32505,0.0598420728008476
36038,0.03134515196650631
43018,0.01729407703685467
53491,0.037780856312845786
40246,0.02502540512991715
144,0.02903765000789584
36243,0.02768251019159867
7785,0.04856878996666771
57332,0.0249582689706592
2069,0.0443254986461544
465,0.026385569746996428
31669,0.028753944078767732
43927,0.03751015851851414
40658,0.016542708944387047
53609,0.02497925435382105
38841,0.021660222986338747
19990,0.013587138766902835
21377,0.029077816857935073
25413,0.011282882413117536
34252,0.02497925435382105
57004,0.02709653274132834
1508,0.02826804510791789
21149,0.02895018506309555
10761,0.024475193483007886
56246,0.015299364767930182
5026,0.028028634591389903
55760,0.05045213332847321
28510,0.015560403227194647
48894,0.011450404092310528
33946,0.008181697317230743
27249,0.011636515142303355
19153,0.008011508676512383
46334,0.06203564611830564
48058,0.011549204607758132
10369,0.024202632566846752
23451,0.029930145600870896
49699,0.050552635856342884
11757,0.02497925435382105
45818,0.19406852134002614
30379,0.02513624741072495
52782,0.04039069475665718
8588,0.05385890336544814
874,0.039463590875340904
9758,0.021312912806955787
48932,0.08564850715008031
16864,0.026524450987067735
29842,0.07273898564927023
17128,0.02349524526965881
38277,0.02497925435382105
33249,0.0309488709471696
10713,0.03870480997701224
16604,0.026385569746996428
45555,0.009435128078047412
28785,0.023594906843595016
35126,0.009638670485475903
10253,0.01432040772519679
5785,0.022052745716493495
27283,0.026385569746996428
56111,0.018153844265453935
18398,0.011104414688002814
25213,0.024277363573367027
18376,0.023854144351180474
32164,0.02709653274132834
57410,0.007513522189925142
10640,0.01850740962076923
10665,0.02840568034690805
56285,0.006366686374052129
26304,0.02826804510791789
17324,0.027032822579529703
55646,0.009714992214771373
5854,0.025754639442215885
56562,0.02706133838605857
56843,0.0526582960311389
5314,0.02118068307496078
31425,0.030982174916521974
194,0.026385569746996428
35601,0.01532346751136511
48276,0.03530259928635931
28863,0.0364515865345594
46834,0.006129221195164637
34213,0.04458947324268301
9317,0.02497925435382105
10127,0.02118068307496078
46302,0.0232477097155491
29554,0.09690923182847064
44729,0.03421393515752068
35243,0.026385569746996428
43561,0.03864333551215435
25827,0.031090308054521433
31974,0.010509888734486663
55743,0.028440424558080896
41843,0.026385569746996428
53553,0.019242937968631583
24650,0.04312325499940778
14697,0.048692616476018254
1444,0.02826804510791789
40862,0.0624953543512956
3067,0.026385569746996428
3617,0.02051207905026007
17721,0.056966694422925346
48372,0.023113866682161692
12140,0.01558866197740864
54860,0.050502255425838354
36637,0.0309488709471696
673,0.027227816033299608
17003,0.061358887216280064
16528,0.026385569746996428
56643,0.061032742485005
41262,0.02418954352796974
2328,0.051303301446379374
46898,0.012784413463937775
27450,0.046152924226744156
13972,0.02064429739453271
24781,0.03211434516284584
37088,0.020200864318486566
44698,0.06039127915445987
41870,0.009575104725861445
7149,0.026385569746996428
36740,0.05122120037034209
6887,0.022510754923855104
13845,0.01921891875784356
4740,0.015071576758110177
20571,0.020066955362722117
13819,0.02702354672840625
14143,0.02959078305207807
42529,0.011104414688002814
10476,0.013930772456468322
22341,0.023718777682409296
41394,0.02497925435382105
10307,0.037477554564060586
17193,0.006866099805050289
42483,0.04840282943370326
47783,0.06337759146670338
44219,0.1672410186137833
56260,0.031394389655132054
8194,0.013262260644668443
5140,0.022430239938275948
2418,0.02826804510791789
42336,0.09757957665591074
55825,0.02361097183714193
12370,0.011654123346344912
57150,0.010483364626947064
43193,0.05356743575257966
55090,0.018820454449166118
2110,0.02101987714212069
48678,0.02138158857791919
40321,0.04014968478163269
46978,0.053824767379996113
51970,0.02264151715120046
10009,0.02640204320299908
23725,0.011189987759182419
35952,0.016691709111622793
42313,0.036278805675930156
37263,0.025108612474821285
34891,0.01738724939310455
13579,0.026385569746996428
5536,0.019899536057284575
52202,0.013833558893389622
31938,0.03204322339070949
47943,0.10040920910126118
25598,0.014197127419924504
39054,0.03663876809975569
35536,0.024064150188992484
52430,0.010447051956572704
46262,0.019710297786757484
44288,0.024285984315839188
55956,0.012357927161673683
38133,0.028825589528207508
45389,0.03476301840561931
53044,0.011632004894337352
49441,0.17736362898527896
40926,0.00914565407948766
5268,0.022763314275639972
40955,0.18559628538990544
44733,0.006478267820807157
39942,0.01798865824749844
5865,0.03843076622986243
36275,0.011840079786824928
35833,0.033135510573397156
35480,0.00965077310546573
39260,0.022594281300304345
30799,0.034363895822873344
19537,0.09690953513172226
48979,0.038913133078135625
23972,0.023459762986926713
56247,0.023661587030999437
25691,0.03424820105677256
52089,0.007613319753138934
18194,0.014727475270837998
55957,0.026385569746996428
19825,0.015266519682444147
50563,0.010135228671684602
36072,0.04748116225730515
45586,0.019972994930539133
40654,0.06163107506267892
28364,0.05208046900536363
45037,0.035657676632899725
27858,0.03848416203412743
962,0.022190565784029177
34482,0.015698870698708515
12949,0.024475193483007886
21504,0.06290639565104282
29744,0.016157461544971122
28452,0.03607019973158
44344,0.029982879154897328
7514,0.01784986897522504
484,0.06956756196553596
21609,0.013470489495688907
46589,0.04702478419578005
12610,0.019662877355360635
49295,0.10226500382643987
37547,0.02922722574431428
3939,0.026094371216183125
40814,0.021693059679284293
40743,0.014022370700975997
39801,0.013281505033423126
40035,0.028581488085683136
41095,0.020999980206481857
49752,0.007632107435696117
25171,0.02826804510791789
12830,0.024475193483007886
9403,0.021447515078598222
48751,0.011632004894337352
10436,0.026385569746996428
43456,0.02470315374894023
50760,0.02497925435382105
33343,0.013702789223876218
44991,0.020744628616696566
702,0.026385569746996428
12423,0.04415538103633897
14653,0.018402313088926224
11900,0.026385569746996428
33059,0.03492553447468407
14774,0.05860417586081185
19499,0.04529330953595336
56030,0.029563047350136953
57082,0.013586046881828493
47468,0.020240466219983853
13720,0.026100353362214227
28166,0.03541937727310775
49490,0.13884718251589362
15274,0.017035037109945875
24393,0.024090923726663327
53974,0.020002020212582294
7780,0.027586009882603003
22879,0.024903002904792707
6161,0.02560506473221575
33052,0.06463089134383095
51846,0.01311571264132637
13909,0.026385569746996428
38594,0.010662007027142099
11868,0.038460264121197796
53592,0.02497925435382105
46728,0.025340071500780877
7327,0.026385569746996428
6646,0.048802749911636696
57177,0.011025893699503901
32742,0.042025064117359144
16382,0.04042747722179794
15291,0.02826804510791789
9618,0.03352354699784921
12971,0.021660222986338747
28200,0.017443222544154834
34955,0.03588730766534249
25644,0.02826804510791789
1562,0.0322425067309801
6974,0.021958686698164046
53686,0.04631946167693145
41050,0.06019915745908741
22552,0.017951206620045703
25627,0.027686840838165423
30753,0.03072767206007692
19890,0.012985373408944423
2132,0.026385569746996428
43277,0.04724642981551554
50356,0.12710109965978564
13664,0.021947105496654552
36765,0.057231673568215825
24659,0.006365085743826915
38175,0.040449483414263056
57225,0.062491425052993675
45400,0.013302328627322585
52239,0.022323537559840224
45650,0.05004301963511372
40420,0.041341458714831976
49122,0.015407447351856805
40887,0.05351300352416561
17688,0.03902343615646121
20296,0.035241423261612996
22060,0.026385569746996428
41020,0.012977258984983767
40422,0.03499676747855265
18248,0.011644190527509557
52480,0.01316051200924168
28248,0.0364515865345594
55136,0.01025874686433716
17714,0.03937983075979749
28524,0.026385569746996428
4962,0.02365449504787377
10504,0.026257062122719804
36042,0.03595137541421958
29707,0.017184390184103535
55953,0.009198915447999603
4303,0.36709317337170166
22324,0.010291988680944933
32678,0.030384337860347835
696,0.013695892740494793
19577,0.021418443230302463
4678,0.02398890257962754
14936,0.07398179211087787
36024,0.0172763684663632
24129,0.07023622596955412
50577,0.03322918043742164
28498,0.029365027581838996
34606,0.06611710425681101
53049,0.01891514339470271
18310,0.031160223386895173
14848,0.028527588225538785
5158,0.026385569746996428
5653,0.02826804510791789
38095,0.03364727614728166
17155,0.03728939440387507
32941,0.04042747722179794
52639,0.010534705707073995
31081,0.05431774265728446
10113,0.02367580684892387
47465,0.013348379644480171
1232,0.04889664310897437
48666,0.10512803159835768
19370,0.02450512851037676
35726,0.029086096353847346
25200,0.03934768773939725
17904,0.08178551937052823
6545,0.09932831555580594
22924,0.012605886413824942
28297,0.02837002178703434
38068,0.024862383006439177
20252,0.08190947166135387
31963,0.011500668740562372
40711,0.013595164996847287
37059,0.03362676731136834
54992,0.026385569746996428
28046,0.03853014518873241
35214,0.014274254083429928
8191,0.03969894374455234
51138,0.03843439193607683
13902,0.02826804510791789
24372,0.038848854409051586
35870,0.026385569746996428
45989,0.02680705960048807
5734,0.038850659709212414
36108,0.028981257460025493
6413,0.009644204672780985
44470,0.07656565501398728
21600,0.026385569746996428
57488,0.02831296245681431
16397,0.026385569746996428
6065,0.03947649675957922
51757,0.01278082660576282
2562,0.04915533489914114
35889,0.03390112986450699
31833,0.007634112392532051
29421,0.08696804858676466
30843,0.037928378279397046
35587,0.026385569746996428
1181,0.021864030155688684
26914,0.013888512895338007
55332,0.02124574173594277
44599,0.037234237866317306
42412,0.026142648554521385
13297,0.0314324253160751
43084,0.023117869784138427
12659,0.022815382995583076
9842,0.021396119641009348
4315,0.03017658215141081
31166,0.11133734729452505
30872,0.016819441931646046
21570,0.03763995515793519
57348,0.018645534420109196
33014,0.02691983682550417
31488,0.030519231621550756
6537,0.056135940520859615
22753,0.02477498521790619
22390,0.11597155622454271
6019,0.018129967369864605
4227,0.02070567996524655
21502,0.04851588246344904
56487,0.04316723159922033
22903,0.026385569746996428
44600,0.033944992272196904
49332,0.015137969884579064
22989,0.02750004888440807
53332,0.006552770911346704
55141,0.018003714463758567
56635,0.026385569746996428
21073,0.015561362515296414
6348,0.022815382995583076
34537,0.0632257228544013
43392,0.05419607021920597
1956,0.01380487516049293
42669,0.05211010216388135
4064,0.018832196015341685
14200,0.026781299052094757
210,0.026385569746996428
1704,0.06518103914171142
53712,0.02497925435382105
39940,0.03417184225157734
20220,0.02709653274132834
8171,0.016996171939605034
13534,0.028836114662218155
53182,0.010135494326360718
29314,0.030345404439190954
29804,0.02773821639860588
39225,0.08931690953860454
41819,0.01007397982879804
39089,0.026060531860994416
17876,0.038094372815709626
56259,0.01773409688841428
55227,0.012594413420241595
51514,0.015976989114914245
7613,0.05131912366595008
40320,0.0364515865345594
6808,0.038729666109896345
27562,0.03663372594915206
28791,0.026385569746996428
36899,0.027174677223929338
48834,0.01148448325531904
42631,0.011674144977839671
25132,0.011291269551559714
501,0.018049340620648217
25861,0.06851458522300406
28050,0.019662877355360635
15580,0.021947993064317776
19732,0.047002627419196974
32616,0.019437893936264702
51897,0.01028238816973428
22370,0.030617636176091013
11753,0.024818952175340837
24676,0.038846015136842535
20506,0.026385569746996428
19473,0.020398155422038183
32677,0.03860290099337501
43409,0.0240136071344987
45403,0.10974631495087567
50063,0.02193101541844617
39345,0.019662877355360635
3431,0.02392269266926107
57464,0.013728782666541197
56503,0.030822012752141578
505,0.048137755247577484
14160,0.026385569746996428
52917,0.007360283976323905
37537,0.026385569746996428
52828,0.00985646555808081
12536,0.022811145878859348
28081,0.04013316889338111
45649,0.012523989432607787
19533,0.011266750285667875
18750,0.03688609606294105
9258,0.056211703014545485
44043,0.10410129025006831
56329,0.01691383338382648
261,0.04735917779280902
31265,0.03419429638197562
55471,0.02709653274132834
14359,0.026385569746996428
1422,0.02497925435382105
46966,0.01127393013151556
57007,0.023626180761946274
47095,0.013259593383440231
53444,0.013539051565209107
29043,0.03551974387864745
20902,0.009377740082476573
16454,0.02236492261099249
7474,0.05478700102757897
53055,0.019071871799684028
19557,0.01732441744409713
35119,0.053624187928720514
30909,0.028981257460025493
52573,0.013930971468757582
32187,0.026385569746996428
32935,0.0309488709471696
42083,0.028626654788094476
44217,0.015252617751252742
39572,0.0309488709471696
57193,0.04311885967180567
1114,0.02232791910956388
13062,0.023287311367849815
57209,0.011078511969218113
8193,0.011770399265098689
36190,0.04079331065015422
45200,0.06400599854192279
3186,0.026385569746996428
27432,0.04582092770755077
56803,0.02709653274132834
22596,0.039903415411169305
1397,0.019591681576751934
14337,0.059779528820195625
2767,0.026385569746996428
55079,0.0567313309637665
30658,0.026385569746996428
38105,0.04669028844339088
26260,0.06666165885861478
21768,0.038072840029098345
22909,0.010471444613399857
43557,0.03486301671836823
52897,0.01054771499477225
11259,0.026385569746996428
18872,0.026855668251655886
36477,0.012808555856924383
8420,0.06066328432524686
9785,0.07335234757943361
45352,0.02497925435382105
3210,0.059931840257800316
6129,0.01476408290122341
45910,0.07830910772128537
15769,0.0189142201573309
47474,0.2825849186866384
9195,0.026385569746996428
11307,0.03292646002130834
9183,0.03122140471465856
29447,0.021657684731867112
51682,0.013728782666541197
13013,0.021889149559838433
41660,0.06314779193688701
30081,0.17573339876599675
39549,0.026385569746996428
55501,0.012414821551478545
32329,0.026732812380467492
54458,0.027404323020597053
42673,0.011104414688002814
54146,0.01670290343441074
43167,0.03681261486221497
16573,0.041098636313707214
4070,0.02499379981331514
51396,0.011585366507600654
14526,0.026385569746996428
7671,0.014523108379799123
49356,0.03544679530845612
40938,0.08550096709974192
49948,0.056136154000587316
21287,0.066576468240901
47405,0.03805657584412716
5792,0.022686388573225257
26239,0.022085890147927487
43150,0.032334811915083174
20123,0.03920479236149595
44728,0.04700649963082831
37250,0.02976758451907357
56222,0.040675813236633204
17724,0.03499610122107738
9869,0.06520123339761037
38545,0.00943423294142656
43490,0.046134527593855605
23356,0.010006823336001192
48214,0.02084537106824984
25109,0.022516405163478994
44019,0.045119860865217395
29216,0.014964646807775225
33820,0.007759522885873711
49045,0.013953006979426892
3377,0.06000540713654986
14564,0.013949053466925897
48233,0.022983224373694214
15302,0.04163447193556633
28304,0.022690438383457228
43266,0.02542779888741126
25590,0.009375958056006745
51742,0.02158368066331708
23231,0.026385569746996428
35284,0.022544141149237428
15239,0.046401398250208434
32595,0.01299151539995738
18905,0.016945500834842264
32690,0.02445890963462677
19834,0.03411622130567007
30069,0.03204322339070949
53273,0.013074308270813993
42709,0.0346458256531701
28282,0.026385569746996428
5048,0.025712258743979404
31207,0.013262260644668443
1392,0.0362729527725372
57054,0.017987053008920235
28909,0.02088402270043063
34925,0.01508522032305584
5035,0.02269490279957524
33352,0.026385569746996428
5013,0.03788107668608368
26635,0.05733518915138628
31386,0.01728309432379435
38303,0.02594791167803741
6067,0.009963281671893535
14321,0.038729666109896345
40755,0.04019214378405084
31372,0.0489997217515702
34734,0.017932077291815302
57237,0.02497925435382105
26126,0.03586102086209402
49436,0.027914750574356446
16695,0.023528925243740954
43770,0.06375631110463727
37704,0.13595752689722135
20904,0.026385569746996428
30295,0.03607487138325528
47084,0.02497925435382105
37507,0.00930694083523253
20629,0.018839297262965796
24553,0.01257944332408559
50901,0.021660222986338747
33416,0.03354942304013442
55562,0.012997117110835175
48319,0.0981941414564771
19849,0.02826804510791789
12130,0.01905462460893032
7024,0.05861909081994814
12862,0.0200538396139524
37878,0.08448422902661049
15998,0.05020148740864488
48156,0.024644203487678797
36985,0.01772546795345523
12322,0.027232669485640133
46194,0.018725384070734895
7829,0.025869424169740664
45635,0.02428735889459969
4647,0.025869424169740664
1334,0.020750539520959257
10146,0.039455554045610644
51475,0.024482134643540928
31203,0.027739039794645207
32212,0.027766678992827597
37382,0.015556151908515402
54285,0.016414009772319
32796,0.062192180543483175
40698,0.027766678992827597
5227,0.043295817173424206
34199,0.047130247747569534
24029,0.016417815587248634
24176,0.03532529052597722
16228,0.06078270379604552
1048,0.023472392718750554
53543,0.02497925435382105
47877,0.019048006030578903
21813,0.06842116256794002
52255,0.014197127419924504
29003,0.026385569746996428
46494,0.05361753578474004
29898,0.05922924997566485
13024,0.01750117555792496
24577,0.009396625701217133
53337,0.02497925435382105
41109,0.028981257460025493
21327,0.023261211956386942
21956,0.02665864814356582
1183,0.017446060720384064
6315,0.02335698021992658
17086,0.016676015184648414
34676,0.026385569746996428
10927,0.02003759850709028
44845,0.11063721632736849
52064,0.08833396469147174
2354,0.12814894587155135
15983,0.026691010988990804
46530,0.046630542047635774
32902,0.021312760661803983
28216,0.03548320806433019
5860,0.009202440696870996
11107,0.07225824042144384
8718,0.012676036736138168
27795,0.01820722011188892
43652,0.02497925435382105
21512,0.021215099908461668
22255,0.008770640668329305
19270,0.01786724884069609
21678,0.01811011145558001
17768,0.021312912806955787
833,0.054202565539836885
25902,0.013578585079007405
54062,0.0249582689706592
49960,0.0966221187699397
27849,0.009958266095941195
50950,0.013324318537988981
35406,0.023823223743190472
42263,0.020780481672036062
41927,0.014490653014154184
52864,0.01739939105526356
28092,0.011909894566627836
7621,0.039531797166260256
44593,0.09105856352453467
1703,0.011285315555941942
40275,0.018186284923388762
43719,0.03479163059896351
24620,0.07036787000555318
24558,0.017895698850083828
55679,0.025012046878158476
25062,0.02497925435382105
26988,0.007364238024382249
22019,0.010732413200200835
24672,0.07864605332353129
17282,0.019662877355360635
21674,0.012753479266821365
32487,0.022957136683842378
36437,0.1806744719140963
48251,0.01821212009339296
57520,0.05249227800950921
48089,0.022274674856355745
30213,0.026385569746996428
4420,0.018146146986457702
56856,0.03131307545035028
44959,0.05140758394591303
36318,0.021528701646667633
44612,0.1390739806361912
3136,0.02676415442207215
12510,0.026385569746996428
15633,0.020238318625062104
36037,0.031110652191413526
1941,0.015972156227158262
46128,0.035174935838299635
10193,0.047603185829481406
11599,0.018751927183713553
37992,0.03936506633684623
57092,0.01715298107105414
14606,0.03394634733690337
14111,0.031362783510866354
13863,0.02333490383741097
25505,0.017191900951048045
27695,0.022428122796990642
21789,0.022611561927948522
39686,0.013706754105049209
39145,0.026385569746996428
10945,0.026385569746996428
35058,0.03707647945380731
29839,0.044306694650302764
7615,0.02315190637466703
24153,0.011635579055705338
23850,0.017715178730886644
33042,0.005611354354787851
45643,0.05166382824278874
13980,0.026385569746996428
1954,0.024025146228292722
22916,0.020277675183875712
41296,0.02408184978020659
21296,0.026385569746996428
50508,0.05473879684066908
55197,0.019822497143751387
53918,0.022059757062757878
48171,0.07081192411504193
11026,0.008677326755930638
21239,0.014288616210346102
7134,0.015622267736287448
17394,0.04249898274955887
14487,0.02826804510791789
35578,0.03164572892762263
34912,0.08696433185850898
3366,0.03346879009840224
31937,0.027766678992827597
21051,0.014870071949502113
32790,0.0912389366945221
41378,0.012420307065301367
35114,0.08452149555774709
39444,0.17128544166151405
20196,0.025450112797586903
18810,0.014703990218885195
1680,0.1167923739495096
51703,0.021660222986338747
17515,0.012922572519237173
6583,0.021231166745672745
51857,0.02497925435382105
4622,0.026385569746996428
25641,0.01075818278704708
18389,0.030918137081837768
45513,0.015558157002492466
16768,0.030040281236653563
45984,0.014994626771411211
41409,0.017596545373915362
12966,0.052605650136673614
40845,0.009469864029696778
40116,0.1364208121830979
18044,0.06289010406209253
35381,0.013407377865269928
52634,0.02497925435382105
43055,0.030076923309193225
46650,0.2611255988050523
20870,0.009611372226602528
30082,0.02430472932892053
16403,0.015836458208518846
47695,0.012845384327746564
19821,0.04975903180440659
25539,0.03495475740115449
40196,0.035203709823323937
29382,0.15042999368171214
50648,0.011823474576891365
35306,0.013384835993257611
2344,0.022541360854081594
45174,0.015496041564883892
8021,0.015643016135988393
18585,0.009353830985420504
14518,0.026385569746996428
48094,0.02497925435382105
48547,0.04150357411934186
4813,0.02460472213245911
38497,0.019658954461179885
5733,0.06060779254755505
33738,0.08306568768230566
40628,0.04042747722179794
38719,0.03136613606863356
44718,0.03490379687943117
48993,0.009032726518114473
24205,0.02011799101153419
55922,0.014219585317740648
25331,0.03803844976002043
26906,0.015585769376360708
38242,0.026385569746996428
3382,0.019662877355360635
28545,0.017312544658253687
38731,0.01772546795345523
43093,0.053800851708746225
49550,0.022735195069821575
14749,0.04042747722179794
29641,0.015982282594523764
23162,0.026385569746996428
48794,0.020325475951729153
39610,0.023106392088401064
581,0.016148930512374114
34680,0.02691983682550417
20632,0.05889468560828641
12702,0.12801499061187493
15598,0.02448780026550752
15731,0.024116204286302168
13449,0.02827041976665698
35142,0.07817052023608961
5071,0.026855351157585226
44201,0.02271644267957771
49788,0.12377629243763752
1928,0.026385569746996428
22062,0.01740792532549978
44461,0.0437147199152969
21176,0.011287022686914465
17133,0.04006881728638263
27343,0.020520167223389278
16890,0.04042747722179794
460,0.05520771928850419
25729,0.021802134455737907
28437,0.019281223629174057
21743,0.06289010406209253
1741,0.041211405840111556
45584,0.039881660923435445
36286,0.040705976885528586
19155,0.03536978911458891
52537,0.013774047220917648
8085,0.02497925435382105
6660,0.02777943983743567
41351,0.03179600680970825
44291,0.05542366535731024
46362,0.02690096816802695
37104,0.008000992208686705
53819,0.024644203487678797
8481,0.014383752113304305
31717,0.04126474686291363
20833,0.019548558523727298
45058,0.033970457003999775
17704,0.023121357463566396
52552,0.0542340342280039
7716,0.03241058857122356
20507,0.07407237069875036
38053,0.025847192946599807
43107,0.06103460093950395
34796,0.020605903535418548
42502,0.05831318120162046
6747,0.024233168565748434
45317,0.042743587050597054
20562,0.011239959982768548
29167,0.0560942319965924
54090,0.03940932177177884
52431,0.01082849752616361
8858,0.0777403137970574
16969,0.01313649384893027
40154,0.011036915745662646
35521,0.026385569746996428
27661,0.029077816857935073
6658,0.01735137142912809
48315,0.03940511992205639
50833,0.01829604757358437
20340,0.026385569746996428
48064,0.08538735368029153
27505,0.026385569746996428
1226,0.02497925435382105
2213,0.016985837465209708
5754,0.06230881537757907
20749,0.009719113358106025
30627,0.012940517696605867
21324,0.048773917992032276
11744,0.014944592881887427
12261,0.026385569746996428
48627,0.19497397356555882
21247,0.04226704102295074
45410,0.04929979807123509
8790,0.018998190521105948
11570,0.026385569746996428
47031,0.019882826943308646
11081,0.02655276616146149
53820,0.036189490945477215
39923,0.01883935690085789
4449,0.03495271779778947
53262,0.008304257662356715
56207,0.01131161281741114
11778,0.026385569746996428
330,0.026385569746996428
30168,0.01238042473814017
37463,0.044157917454598745
28292,0.015972156227158262
150,0.026385569746996428
27627,0.00965077310546573
49777,0.044013998051988405
9769,0.022805689267727063
49677,0.022122387158381784
19608,0.07400501254629892
35947,0.027940167257570574
38948,0.026385569746996428
27175,0.02826804510791789
24178,0.03635059652204478
23796,0.029859773691038944
3256,0.026094371216183125
12230,0.03619151274067258
13168,0.027712271990283435
27783,0.045016149526564075
37202,0.02378979327121734
12967,0.024023870274368128
35346,0.028276544046653196
35653,0.03304797508669551
13643,0.03743851737216248
2531,0.02314981940494542
48323,0.02561835679744527
31947,0.011745435165718226
24735,0.026385569746996428
23619,0.024610238602038894
34677,0.019168701965503302
3284,0.02826804510791789
44877,0.13249483368015164
54692,0.026385569746996428
13298,0.020171647326319604
26330,0.05076300078397506
2664,0.04784149419962136
31871,0.027340602491710043
29909,0.012654720400660324
21766,0.011909994395916076
54096,0.012956877587969687
28662,0.03936881025047379
49304,0.024677270423507477
53647,0.034172688693909485
9288,0.01644589554855102
5541,0.02497925435382105
56823,0.012430618144266756
15539,0.05708293654747585
46869,0.02497925435382105
21697,0.026385569746996428
52839,0.026870790546370486
13734,0.06289010406209253
4146,0.02826804510791789
49041,0.13367801128945148
16816,0.02088234332574566
14811,0.030622418699654444
14632,0.0457068317942323
28241,0.011104414688002814
17703,0.012629704536060238
30606,0.07222465163864536
21374,0.009973196312152958
27288,0.01301347410492488
14969,0.02049929746997281
9767,0.02497925435382105
19219,0.045367815539710324
13889,0.026385569746996428
13911,0.021516297354567882
13274,0.038386381235778956
36233,0.03169820890675982
50945,0.026385569746996428
44856,0.02761325500244513
53943,0.01344519896446404
34487,0.06331820795309664
21841,0.11539897892177764
7132,0.029077816857935073
17961,0.09694857522925586
41195,0.026385569746996428
128,0.026206062419751448
3862,0.019483864757197742
21805,0.021621879553421323
5878,0.026385569746996428
33516,0.026385569746996428
19783,0.013961712484674682
5306,0.019319390545287744
3150,0.0777880725379053
30352,0.026385569746996428
32451,0.010895597525691891
27455,0.01338070475002529
1282,0.03476108579543459
22643,0.03219437143625791
16854,0.03325351820626998
5087,0.044306894270085696
34583,0.024644203487678797
39455,0.05311084035026601
16140,0.024008704961527693
23037,0.008557952899311256
51765,0.02497925435382105
51675,0.011924132374143205
57148,0.012995298464808385
15190,0.029077816857935073
6193,0.02393171587538884
43758,0.033635197493492204
56248,0.021568892505320302
35295,0.10833904649801068
40011,0.11409819633558288
48471,0.017170479486353873
14163,0.022726785003141462
43630,0.011372666071855313
26077,0.03350654005691868
18439,0.009535520150989433
31797,0.028981257460025493
37936,0.037351219011408414
53670,0.012232342769575254
28657,0.03263354820253405
33394,0.08873885242060431
55736,0.011088199509697584
12613,0.024023870274368128
18555,0.035685275794037484
13290,0.022726785003141462
6550,0.024233168565748434
48134,0.03751015851851414
46209,0.012997117110835175
42937,0.048474521359050234
33259,0.025824803188645485
6316,0.03057479532451828
12187,0.030888708872287948
13856,0.021621879553421323
3118,0.02826804510791789
49642,0.01937682906947388
5216,0.02644997959739525
50402,0.008973287160259327
45020,0.029977783931016872
49851,0.028319191313202083
39525,0.12448025906349117
27352,0.019978178427936297
39544,0.021787129611926467
3494,0.02676415442207215
1818,0.026385569746996428
44983,0.020165032925638558
51534,0.02497925435382105
50067,0.025771258880263243
10121,0.01641008133493516
50530,0.04420620697035117
24075,0.02826804510791789
50921,0.014971495391627636
17020,0.024233168565748434
20657,0.06969933065837915
7337,0.02679919686769828
35565,0.03045495284631727
21026,0.026385569746996428
11429,0.03795222090570439
51603,0.04552142508112624
37113,0.022182308358526557
46615,0.016826609020391996
29601,0.025000825874236084
15854,0.031179040628603497
35767,0.020161723009814683
6542,0.005073055065507397
53501,0.013814033364757203
14916,0.026385569746996428
10735,0.026385569746996428
23141,0.03086107630011592
43599,0.033404101649011524
33199,0.016807393850315513
53074,0.013653825801276801
52846,0.044702854474563264
12418,0.026385569746996428
6720,0.017903352624709653
41332,0.031227156301704237
24467,0.011159647062768615
53069,0.010455487625648562
28880,0.03714370476047723
20825,0.03769297821189076
2561,0.07824121593177051
25862,0.039499424792885554
23392,0.02032791187437544
43080,0.01708286054147277
36228,0.012153123631295087
30648,0.04426174529395139
7122,0.049674557974270825
5525,0.03201357952927494
48603,0.034691470259635204
3396,0.017446060720384064
27493,0.026385569746996428
17306,0.06896914699736452
52223,0.019965507046159615
36601,0.010455487625648562
16179,0.01925485456100312
32582,0.005676504908546058
41780,0.010455487625648562
50930,0.03628874617782537
34545,0.018228499783763476
14524,0.06690861017184219
40995,0.07910988304299267
11799,0.019662877355360635
30167,0.021876943751886167
27427,0.026385569746996428
22822,0.03484953719759444
4273,0.021982208024182853
51419,0.036875684950285204
12114,0.026385569746996428
29384,0.026385569746996428
24651,0.019662877355360635
30423,0.06083181218540643
56894,0.02709653274132834
25893,0.03260707275851669
39074,0.02691983682550417
829,0.02048825592346243
32435,0.018078710417747945
28171,0.027109380680963
21544,0.0197945550103523
52152,0.018388879352031335
55747,0.03485429806024055
479,0.041348126429077585
9588,0.021927966362738693
11547,0.02826804510791789
44250,0.01968139334046958
32636,0.026385569746996428
41702,0.05071552924362066
19130,0.02031937009491329
16242,0.06029951958204947
25445,0.014296120553678368
8450,0.05790234555124061
20164,0.014343370691017066
53067,0.03571241666971233
27363,0.04947939906523656
11200,0.03935642591383837
6978,0.07192319559254481
19277,0.026094371216183125
41108,0.023473443048330538
36694,0.017506269062456604
30414,0.0308435283981602
8452,0.026385569746996428
8178,0.008263630248880485
14471,0.035042794347296465
21048,0.026385569746996428
39043,0.05346402162020425
17403,0.025947246880040405
33428,0.019293735842984508
22667,0.02328708043636843
40474,0.0547804698567747
10474,0.049463350974704216
38924,0.026385569746996428
25779,0.007810183662537897
34507,0.03590823006775843
49507,0.06973435403172591
34788,0.036308283315494475
20909,0.026385569746996428
44424,0.03209265250431262
31530,0.007605332635461469
18762,0.01854339502006132
42698,0.03751015851851414
33162,0.02355556829962672
1863,0.03670483295232925
43693,0.015898055207104637
36699,0.08128677290711195
36798,0.016570001158332164
50190,0.04322371210333567
34259,0.03204322339070949
45346,0.02256982561409621
6246,0.026385569746996428
15587,0.02317097334500142
30667,0.07022928065352928
44743,0.026385569746996428
1602,0.026385569746996428
15959,0.026385569746996428
8423,0.025637754326466144
9798,0.026385569746996428
39548,0.008698215998375407
35704,0.09226708687999229
39732,0.0427512730998432
41641,0.015761110421060192
25997,0.008275733031105357
47245,0.09403798001378946
39512,0.08744867770198214
44063,0.05055436207530013
35146,0.011416547049232575
55074,0.01313874512750651
15484,0.02756823513419066
7598,0.024233168565748434
15666,0.026385569746996428
24040,0.021445481977767033
3007,0.03324212759947172
36846,0.0474876120856645
23686,0.02826804510791789
3422,0.056705850212119976
12957,0.02522495833070211
4775,0.026385569746996428
19652,0.0073676377170693265
32520,0.02426227200381694
51100,0.01769759877636651
47402,0.03020810048068001
43376,0.018011757569935453
40662,0.026385569746996428
250,0.02289166186771146
3785,0.02118068307496078
36095,0.026385569746996428
2793,0.04546830350782625
28197,0.02967907250209941
53164,0.011549204607758132
42286,0.021718211453933326
24165,0.02826804510791789
45228,0.02150924042485721
28556,0.026385569746996428
14366,0.018360597069519476
35412,0.013142071316706375
33135,0.030184100538388717
52531,0.012629578345988055
28127,0.02328130818205856
471,0.015972156227158262
48147,0.02497925435382105
45551,0.007333352099126991
27679,0.02497925435382105
19321,0.024013066751517747
31394,0.01682451887061784
31015,0.03953012124746495
22079,0.021464532233503163
40480,0.026699163552746114
14500,0.03588321696214602
37393,0.013839861013310669
341,0.030050096751233938
11578,0.025340954480370263
46544,0.021660222986338747
51131,0.05934755133141712
9670,0.021312912806955787
39742,0.026385569746996428
13959,0.026385569746996428
17351,0.02826804510791789
18988,0.008739625019571474
27602,0.019348867348420836
53888,0.014198721554241806
26864,0.07305107423923976
10279,0.027940167257570574
5828,0.022726785003141462
34014,0.06289010406209253
43496,0.003700084108260148
3986,0.027727037917296034
35795,0.05841170783707928
28606,0.01202869253227359
56599,0.05588124199792523
11597,0.026385569746996428
12986,0.026385569746996428
22938,0.010455487625648562
42497,0.05249365039644712
655,0.02359379416768611
28563,0.030110947810751795
18765,0.01569686936993331
52455,0.030456263368480542
36522,0.009484000086253169
36019,0.04435912090650889
17941,0.04642004980094211
17023,0.030463660697840626
39052,0.007253992827059041
35723,0.032301890659469305
23220,0.013512315979807751
25153,0.03902343615646121
27522,0.015972156227158262
28442,0.02562189075362151
19536,0.03423223702817884
9270,0.027142922034803035
34337,0.007144828102875395
48662,0.04694197574005272
17758,0.04042747722179794
44978,0.04377342492947223
43163,0.02317419160954049
24155,0.010228715472282452
51171,0.028691784669410483
49192,0.02016662633389012
37980,0.021660222986338747
38902,0.05917251003542814
54793,0.009712854552076641
16703,0.018471804675320922
4407,0.026385569746996428
30528,0.03287159764040408
16425,0.03766523120967738
8607,0.017357139514518262
21981,0.02019991752248379
37163,0.08351773772210712
44204,0.02201061928020787
33694,0.011499035707305911
6347,0.02365943305243738
22957,0.023854144351180474
51134,0.02497925435382105
53736,0.02775115170315064
34486,0.02089285855865118
24280,0.017954960150564216
2116,0.021660222986338747
17240,0.0394179923648116
16861,0.019662877355360635
5377,0.026385569746996428
45225,0.06031468648530864
35582,0.02630435005519051
2330,0.021062338396873458
34916,0.01510962245127185
18846,0.0385394896585026
27205,0.018445747197996663
48145,0.0370378552773603
4246,0.03610506029500287
35718,0.07935862402488521
34145,0.048623147191668006
56771,0.03807148323013475
47008,0.026788223073959182
5990,0.03895687944218566
39090,0.012831721618303208
55975,0.0249582689706592
40854,0.021754074163258336
41935,0.047903663749127946
33833,0.03728939440387507
4461,0.02826804510791789
24545,0.040173346534755364
36237,0.02549776199762024
49684,0.04364787642540754
11438,0.03577695198504498
37728,0.0309488709471696
17567,0.025998237686640138
15985,0.032759273675011406
14851,0.014944592881887427
23336,0.03969894374455234
21456,0.023225887965200986
1430,0.026385569746996428
26194,0.0183235792457406
28935,0.026513366270507602
19811,0.039081963435027824
22493,0.0076995134897241335
43015,0.010667655041177702
43999,0.06009049623894493
32845,0.028009274857584338
42535,0.009582938757099584
11478,0.03911452767426121
35005,0.045824270623608485
42840,0.012723566344535536
56444,0.03217126218827699
47047,0.013466153637536242
9620,0.026589005551402364
7422,0.022640012543257336
28007,0.005751410609084683
32858,0.05733458429753389
33334,0.018959687233481515
5715,0.026385569746996428
26700,0.026385569746996428
12936,0.04759801125141176
40765,0.2665304401954689
46653,0.07246277203393076
20048,0.0153628804565417
54512,0.02174511633621929
55513,0.027837433592593455
50481,0.03751015851851414
20692,0.0930118855088142
1426,0.023387706239937876
27294,0.011104414688002814
33294,0.020111780260883432
20717,0.026385569746996428
57222,0.011549204607758132
52968,0.023321587385957073
11373,0.028827912245062627
55358,0.026385569746996428
21144,0.026385569746996428
18218,0.023455518994964397
46548,0.03972195402912497
27984,0.07304923503530826
20322,0.107146023188897
35175,0.042679459990995164
44108,0.013593105198243109
17561,0.01335309369117956
2084,0.02497925435382105
45328,0.023445857268519745
27342,0.014460886264517372
19138,0.01411414756953358
55060,0.01897528908473977
47927,0.011710137580402276
54198,0.06302569271792369
25231,0.006661267093814525
399,0.026385569746996428
29366,0.023391500438329497
10308,0.026385569746996428
15179,0.026094371216183125
18210,0.04765783500837634
55545,0.01889677819169697
21394,0.012897467581936169
12619,0.035439113250881046
12899,0.025761612418518823
12691,0.02186779979222117
12340,0.048769073948838164
13252,0.025447206087380415
10092,0.01735137142912809
20006,0.06289010406209253
18236,0.04255724197189239
28405,0.012349761412980336
34155,0.02750291595135155
9301,0.026589005551402364
38733,0.025524756240826358
29196,0.016902412577672884
31224,0.03204322339070949
36052,0.04467554029179967
10268,0.03937922939924049
2305,0.024801377128014394
47225,0.008181697317230743
14320,0.08391423229062664
52070,0.02922397562541075
2434,0.03902178056764284
37669,0.01431636486490246
33673,0.0158424636151263
25882,0.01633201276429173
55400,0.010455487625648562
38550,0.049587319220900414
9061,0.024475193483007886
49830,0.0309488709471696
36453,0.026385569746996428
48667,0.02360935673452691
25193,0.02355073126067434
34653,0.045837247240619515
33022,0.038613498988297947
15067,0.019662877355360635
4408,0.026385569746996428
7893,0.012444221223949191
19166,0.014101696843365796
16129,0.021947993064317776
29522,0.013765297491205667
8474,0.01787890889488475
30721,0.06243011339128584
37037,0.021660222986338747
2225,0.01976537914131384
51117,0.06289010406209253
56917,0.0389958217677183
37003,0.053806870712470894
57000,0.013593105198243109
1162,0.03436679951689694
45571,0.07772613124662865
40185,0.014414463014167107
11100,0.006790121764621269
22977,0.022413434924398137
41289,0.061706899652400636
20450,0.02709653274132834
3703,0.026385569746996428
40877,0.01777117308458193
14603,0.03173315331141036
25086,0.017089294085936284
35018,0.06618159374796799
1443,0.045551632621251115
23951,0.026385569746996428
13477,0.03324419889550602
36717,0.020287608889869257
920,0.021947993064317776
39780,0.03239195179735072
55750,0.027359807322169527
54479,0.011402416236585885
26782,0.02096246085300568
35839,0.053944899370596336
38701,0.028095932782187326
22311,0.1676014197571698
44581,0.02237472291635601
40890,0.05771018101339077
21862,0.026812624421988018
28447,0.014065527698537927
5235,0.02703615090225505
2174,0.026385569746996428
44121,0.03146303762117486
1671,0.030043746738838324
42544,0.02294297094016183
40207,0.015171783249347632
9354,0.017838724967750734
31378,0.04616996790440423
15590,0.02560506473221575
9606,0.10392330338030831
29919,0.1307772520088688
46084,0.021660222986338747
53282,0.015483656848456552
47455,0.03942053820497453
57062,0.009899230979371535
56572,0.01769759877636651
1911,0.0481953303405889
56863,0.03241157534435555
52791,0.020298998058669554
36161,0.020601163774611637
1423,0.02037634662953158
41138,0.07625300100533239
19366,0.04642004980094211
3202,0.026094371216183125
8147,0.014573839028788518
6194,0.0874769672289795
6888,0.03686910645468252
41210,0.023482066864768295
3813,0.029077816857935073
51788,0.047311283677093766
46356,0.051361360430652515
4605,0.026385569746996428
4310,0.03204322339070949
17456,0.021320291701351985
50962,0.005962151444332156
45919,0.011633061745822572
9035,0.021232604965099294
46290,0.03174513828200626
4523,0.02313710315529129
9536,0.018713119987564805
6972,0.05033214048088234
14668,0.04184990108361403
30920,0.09476557146616367
40055,0.030127705596231083
51284,0.021072396139038715
20668,0.026385569746996428
48028,0.06103339732542249
20913,0.04663260464046909
41488,0.07240098791277212
24247,0.045290376268401274
20966,0.013074308270813993
4330,0.03415229984842806
40526,0.033179076951192876
36115,0.04272466048647212
23175,0.0849928189584982
27275,0.011104414688002814
16781,0.015890817612005923
51766,0.02497925435382105
28423,0.013879419497573535
51191,0.047994477016116074
34979,0.04415757031242218
22283,0.03159135676171264
11209,0.03174268128097608
609,0.0398556533192867
42130,0.009857922667894559
20768,0.016066084574871128
51029,0.024894680657576246
16293,0.05355706841921928
54540,0.03423223702817884
53233,0.021743848925634204
23381,0.026385569746996428
46409,0.026385569746996428
47989,0.13259567323042248
14614,0.044849094709410994
10125,0.020750539520959257
33119,0.03139267716074152
24375,0.04756971165055477
19961,0.06289010406209253
35101,0.029546311930502736
31011,0.03714370476047723
33936,0.018297411382734552
23920,0.03802040702858341
2532,0.02101987714212069
49099,0.029273475833928767
22373,0.020214430700499105
39774,0.015164966382869464
53235,0.010455487625648562
39663,0.011651218470606168
1687,0.03173315331141036
6496,0.007544555593103253
14486,0.008219624782029297
32000,0.02450512851037676
37700,0.012174240785338096
36685,0.041841981981005666
41130,0.03344244543226121
16419,0.041638599266090794
35821,0.014944592881887427
20723,0.014020769497468354
1291,0.022877742463601823
26005,0.017597489617369774
34508,0.018957383172108107
55791,0.009163554079660578
19364,0.03164249696581647
8441,0.014137661802264985
19241,0.05943413631649926
35502,0.04424023388007279
54477,0.012733465219322834
50204,0.02750498984073079
43380,0.026385569746996428
45191,0.017599840647083146
23747,0.0421329442129611
18417,0.02333490383741097
44568,0.014320759762947026
17541,0.046401398250208434
23187,0.04156908273665653
11165,0.016806897269143244
56849,0.027085559254792297
19145,0.023896679187759944
19516,0.027940167257570574
15961,0.04183306637236057
19756,0.024233168565748434
49520,0.0233731338175486
49993,0.1869681321060115
17024,0.023287311367849815
29496,0.1394660664121614
35008,0.016911968255297068
54807,0.04917579072206957
40117,0.02696775547277686
42690,0.09800369911381536
46138,0.07333783795373779
18397,0.01434661492898474
16840,0.02826804510791789
25315,0.009773176519000127
13151,0.11985019304216056
15004,0.040291341295676235
6993,0.010999876642164794
20628,0.0314621169852121
48031,0.027169220199908195
5872,0.026385569746996428
51280,0.012430618144266756
50796,0.026385569746996428
11306,0.023854144351180474
22896,0.026385569746996428
40296,0.10304494056075351
55941,0.029743706145569516
32546,0.03204322339070949
48199,0.01960865204296133
19792,0.026385569746996428
50241,0.03544679530845612
54701,0.030420855946764823
46948,0.011104414688002814
53219,0.012902469229374729
4214,0.026385569746996428
48886,0.033447123467729586
37948,0.09877790371286577
8321,0.0345129363142407
22664,0.026385569746996428
53365,0.026385569746996428
57198,0.02543498408549454
19948,0.010895597525691891
57578,0.016491888025752195
38047,0.05159526857365973
10289,0.03505702402138486
41769,0.045325695402433655
38963,0.10878270517936958
40915,0.039251775975326746
34608,0.05592735407498081
46319,0.0309488709471696
21298,0.03902343615646121
2731,0.02826804510791789
16381,0.043083621985280665
2646,0.0330495800765754
42888,0.03069631412611396
57428,0.010493734678119144
53284,0.01845569951186612
33797,0.028981257460025493
14784,0.02367739733846443
10583,0.05751566810364252
48420,0.027169220199908195
51730,0.010455487625648562
41931,0.026385569746996428
43195,0.06810168185062754
33385,0.04224242432672046
28882,0.03862101358169601
51085,0.07249542780360857
55455,0.018717650916029532
1697,0.023038357492161904
50822,0.018438688685801903
512,0.01850740962076923
11591,0.02497925435382105
15054,0.011802364190015678
8274,0.03150262353323192
56629,0.04610134083955755
994,0.022503507979574643
8288,0.012339143504022775
42362,0.02866877255827952
14960,0.036166889115911934
49956,0.026156598361665506
21284,0.04013316889338111
30292,0.011104414688002814
4181,0.042186844646209934
6424,0.025786421619982656
22914,0.015282187722352087
33375,0.03751015851851414
4280,0.030737897555511193
47660,0.0289610945707289
43838,0.026385569746996428
51145,0.026385569746996428
31642,0.015567625355313247
47079,0.031467726060605536
53474,0.015795633300817413
31328,0.011104414688002814
149,0.03268392502957795
423,0.010514923726192343
47552,0.03751015851851414
19717,0.06471026260592261
19592,0.008360522526242486
53070,0.024462597087726624
7090,0.02826804510791789
52727,0.008309584741039157
32531,0.02328708043636843
15594,0.024644203487678797
7672,0.026385569746996428
3504,0.03546387614916598
37829,0.015633630717794143
49626,0.013324318537988981
25554,0.02392265705135199
32240,0.011888561322954202
54170,0.03257813993845227
198,0.0362467856517526
37527,0.012660317627528016
1448,0.027820454131367724
15836,0.029077816857935073
31788,0.10898956959365569
13459,0.02522495833070211
42005,0.009754950400347778
18671,0.036386370254862244
24894,0.02019991752248379
37831,0.119244543050153
27822,0.014149537163172143
28778,0.020519714231278272
47697,0.029165611695091607
31364,0.02585227665276521
32456,0.0250423196750134
40310,0.031068833026776866
24589,0.010245678854485882
15325,0.02826804510791789
47396,0.004836946620501077
19724,0.01474602432292177
40389,0.026385569746996428
31237,0.02497925435382105
3529,0.07786677182264813
12708,0.019696383859721764
53445,0.05148683818459853
41497,0.04579678531293217
29947,0.014612438712720135
39146,0.09322099027498101
41864,0.01372711797530989
20779,0.026385569746996428
40989,0.026385569746996428
30827,0.044551687698341697
55298,0.008424420632164295
17075,0.019659757054154087
19175,0.05177340409429854
36905,0.026385569746996428
49889,0.016517641804973685
19833,0.050604910557555706
8318,0.02973565701324318
41480,0.011104414688002814
25004,0.014569149727733776
44456,0.02698587929757191
242,0.026385569746996428
5633,0.0702068257235636
40276,0.026636036917143734
3253,0.019662877355360635
12662,0.019662877355360635
47142,0.04662387813347569
9447,0.04605849737798104
52273,0.01715298107105414
3539,0.04807770845453306
31603,0.013413790422317783
40418,0.053824767379996113
2652,0.06206964279752622
52720,0.00826971130643092
56267,0.026385569746996428
37023,0.026385569746996428
17498,0.014506789115384023
52001,0.027940167257570574
3290,0.050996199134999504
39119,0.007542007282464313
25353,0.029903449545816384
23532,0.026385569746996428
5308,0.019662877355360635
10852,0.026403212130091138
24096,0.016804876011391943
4362,0.01679877469388501
27348,0.028981994398408577
46995,0.07096126159065771
28474,0.03317384802284073
50383,0.10557898609527566
6925,0.01986104175330812
45629,0.29363126157339653
17108,0.016759706158164692
16399,0.07575788693102595
16618,0.11540839221605738
38188,0.01546130955782319
32571,0.05706203746517804
31333,0.025201138634615483
6184,0.026385569746996428
52975,0.036163570782902256
13519,0.018908522910335488
15280,0.029195128913133216
20438,0.023095010597169584
33260,0.011104414688002814
17592,0.08058357982029601
37373,0.03556479569937046
13069,0.026139956594340843
57262,0.008374148319262158
21347,0.017580640122775847
22907,0.009649643658608358
2900,0.05334367803622507
27229,0.01436531947584311
40273,0.026385569746996428
158,0.07499798789004042
40410,0.02793838960686335
33891,0.012629578345988055
35465,0.041003488612439236
37189,0.03979236751624978
55840,0.012597078977460794
16510,0.026385569746996428
6262,0.02019991752248379
12387,0.08728315451832622
12851,0.026385569746996428
36347,0.018047301262613363
14302,0.033682427993419674
40991,0.014259437857395068
41023,0.014047460964387316
30500,0.05159526857365973
44126,0.026385569746996428
33568,0.022600948124384276
54965,0.03025782600185973
29223,0.02221005858608094
42914,0.05504766539092201
19227,0.03604315382860155
3700,0.013779889179969107
39283,0.05652310933230283
32610,0.02295494113542713
322,0.06289010406209253
14090,0.026385569746996428
5294,0.026385569746996428
23716,0.09221795052606249
41578,0.05585105822431397
36117,0.0309488709471696
5411,0.025826859594079783
57487,0.012216795024411855
34684,0.06289010406209253
1357,0.026385569746996428
49660,0.033772917182432506
36528,0.030954314712895736
17395,0.06176580342741943
43839,0.01636991625123046
13129,0.024475193483007886
44106,0.03417085186559455
8784,0.0049695459335587005
18046,0.016462961726057903
33862,0.026385569746996428
19635,0.04373485055003361
55786,0.10750057300582827
46689,0.06697615972626808
9062,0.01772401347287834
29719,0.049587319220900414
27271,0.025969059662712717
20675,0.12974489424927957
47849,0.02267765321659073
35832,0.05238422724599433
27896,0.01375214974313298
25751,0.01025874686433716
37522,0.046466644786673394
5955,0.024116204286302168
4469,0.02958463980150028
46928,0.05049352954399921
7096,0.04000596726709633
8372,0.02497925435382105
7774,0.029077816857935073
19679,0.012662787100118152
817,0.06031867526210615
11272,0.052900803346205144
12440,0.026385569746996428
44635,0.012492119572583489
1850,0.047093323496926645
5625,0.03173315331141036
30674,0.037471442624632846
57387,0.029096773920427744
17897,0.010849089043753538
40619,0.029344283525830725
18841,0.04683468305299765
32159,0.07262217410944603
16629,0.03814081518946587
4914,0.01850740962076923
29503,0.04943026423268183
40199,0.0603290681795481
6392,0.027639382101000184
43904,0.026385569746996428
21338,0.008454823046026865
3305,0.024233168565748434
5298,0.03137416734884096
53096,0.012181665899983521
2385,0.028827912245062627
37781,0.009174167373199212
7891,0.026385569746996428
4256,0.024153891152046733
32672,0.025578334157128613
48636,0.016488352337478557
5215,0.010251003691442252
18086,0.03204322339070949
49568,0.02871651038560103
17837,0.026385569746996428
54773,0.02453794876920042
30238,0.0355803813313479
51153,0.021660222986338747
4817,0.013211005448436845
10727,0.026385569746996428
31303,0.04965299613596758
30758,0.011149329949887203
35603,0.007998279266301898
32884,0.03728939440387507
11495,0.026385569746996428
29800,0.0340100261426493
4995,0.014887154697440036
45179,0.022493426256263126
33254,0.011660056670821685
24632,0.012757107184123947
8620,0.02497925435382105
36022,0.010895597525691891
55062,0.02497925435382105
36890,0.05186616183430062
11069,0.04000962943280303
9804,0.04569283743078313
46519,0.11041505517461395
18600,0.013245671119438453
2813,0.021660222986338747
45626,0.0826225744355699
23734,0.021295403156478605
9845,0.026447453915437916
36111,0.03398223499671445
53892,0.05466081363314011
51952,0.014921425440596988
12283,0.025657412408180605
23715,0.03329704327535924
18957,0.06339333026380306
10063,0.02048825592346243
34826,0.03460017616638837
28260,0.013324318537988981
55625,0.04576137779374051
51013,0.02497925435382105
17683,0.07828437548479757
18843,0.029970391451898927
53047,0.023399549068894642
39388,0.02313779262514415
49590,0.04414992796539216
11810,0.026385569746996428
34685,0.016669416762414336
11487,0.021927966362738693
44875,0.03544679530845612
57300,0.07005627874763869
23008,0.02328708043636843
47541,0.024644203487678797
34910,0.010605234059013712
30510,0.049587319220900414
45330,0.06359614328589297
43885,0.033447123467729586
9331,0.05304905534182503
43536,0.027539413726978032
17210,0.045136945917463034
33764,0.05844182900233867
8825,0.04598343507972325
27471,0.019487699438187473
48962,0.201966763319458
18341,0.009114587933716663
47847,0.040254556177898436
36867,0.0364515865345594
19105,0.026094371216183125
26216,0.024440858523721624
41415,0.05134381395366288
50280,0.018833648515115375
26843,0.02393692593837884
4058,0.07037493933151595
10883,0.014093184151857563
43533,0.053700108310016315
33068,0.06597018593367332
7126,0.0583307082561562
15726,0.007668156383151945
28227,0.043530256242583915
25403,0.003633232879788619
12471,0.019662877355360635
6582,0.023196077520823935
10981,0.02337191143711714
27611,0.018080724311398427
23934,0.03226485479848423
36106,0.021660222986338747
42105,0.0212759898149853
50173,0.05766982970272267
20424,0.01619230505451586
25484,0.020877879369842083
30321,0.04363375026871164
16357,0.026139956594340843
34277,0.054389259003196654
6417,0.029077816857935073
23870,0.11920446293416262
4459,0.027071071793824012
54649,0.02714467544978641
51821,0.01783582452438628
1045,0.02826804510791789
52519,0.013913628972839863
15541,0.026385569746996428
38769,0.004786043540998699
31019,0.010694036526764834
1876,0.029077816857935073
22181,0.03935218452133517
30142,0.020920906615572905
39535,0.030669334029652256
6227,0.032124917285930955
10734,0.04029214426368096
17595,0.04959432863247815
33976,0.07639845198885763
3462,0.0483582843694611
31682,0.047378734720807794
37087,0.07395086034443207
9468,0.02133801380264264
43629,0.04182549745503244
15191,0.06289010406209253
54010,0.03963303871946846
27517,0.012319075706267734
14326,0.06410026875039784
22004,0.018466466694017795
32005,0.050020562903728
50681,0.009613993465360866
25728,0.026385569746996428
3994,0.01998086338144554
14276,0.026385569746996428
20021,0.021573852185249626
7335,0.04093067188502578
10881,0.023287311367849815
44889,0.03571284571155696
5762,0.026385569746996428
27327,0.012730091046073323
5010,0.026454859627171676
12896,0.028672049518618972
28576,0.04586661306791365
41206,0.03453210404473277
38981,0.05077863545206128
40354,0.014729521847111912
7858,0.026385569746996428
27346,0.04042747722179794
29827,0.03751015851851414
36273,0.037542291216598134
47515,0.024814946697428064
26354,0.021755568655246266
40322,0.08960860822329306
5455,0.017671826689597735
34046,0.03452181398430673
9163,0.01986104175330812
11500,0.02874095944873471
15505,0.0109549472930841
21399,0.08186721674337673
26602,0.027386322943880347
48792,0.1086681051208593
47169,0.01241092636614426
33017,0.03944164087352548
31039,0.026385569746996428
6802,0.049162929223602006
2372,0.03725036508226868
14957,0.01850740962076923
35895,0.02691983682550417
32715,0.05725689407224315
7530,0.02698528989297193
21201,0.00395165533319365
43745,0.03843479200239284
30968,0.03420840636520634
18192,0.021660222986338747
1012,0.04717113792383648
39064,0.05534104213662007
33136,0.038579310390060066
3023,0.01850740962076923
37735,0.026385569746996428
43632,0.011938898437487577
24446,0.027142256344423375
6381,0.019903289606428128
7268,0.02676415442207215
20987,0.027473250725906957
52046,0.08350223445630849
31573,0.019438669403635665
40234,0.01802935562932774
52838,0.02497925435382105
25790,0.01307342946781932
19723,0.026385569746996428
55031,0.012240582946982676
51893,0.0068733783318303395
24152,0.01068123898944004
71,0.026385569746996428
33929,0.01509619517249185
4783,0.026385569746996428
34473,0.009899230979371535
42290,0.027997722196053045
54930,0.013074308270813993
12737,0.026809912639956256
7985,0.032271018001340954
4504,0.021067608289001404
44234,0.020301142878773798
12514,0.02501270087531999
7411,0.03439414813485688
26056,0.02826804510791789
12060,0.026565722219975316
28503,0.018892803604737995
13745,0.15763414325146188
54365,0.03576486006697366
39438,0.028945488218160346
31025,0.05553115159501086
22874,0.019368146937092563
10189,0.026385569746996428
15119,0.05286428469584709
54651,0.050963714994231794
6576,0.02151239856462332
28777,0.013809214710190462
52817,0.010619897524917876
12354,0.016928273903958478
48461,0.026385569746996428
2188,0.029741782399858308
21785,0.00992793827114305
16993,0.07124435682121712
51365,0.03894142811548329
53604,0.009076733955777945
10197,0.026094371216183125
33567,0.01772546795345523
2325,0.014692988359326154
7183,0.02826804510791789
16053,0.036850727913150465
37891,0.008134750591878497
40844,0.03731432885181619
39568,0.012228792280865406
56819,0.05931354307962539
7234,0.055261492353769946
14636,0.021660222986338747
23568,0.01122872927147121
41027,0.025116688680894204
23000,0.026212555720493715
38173,0.055082588939588284
35124,0.06134805893109016
22345,0.04226919776606251
36936,0.012629578345988055
625,0.02626476718357662
14529,0.025494123367655965
20207,0.0207226353829176
23571,0.026405810778206383
30959,0.026385569746996428
54611,0.02750173778059421
6628,0.017743448534568995
54896,0.013921165725080219
30983,0.013525051259708565
20916,0.01386272730804394
53790,0.009733085085113882
6205,0.026385569746996428
28118,0.025622701086286417
53090,0.029179439839240887
53861,0.009899230979371535
26798,0.026385569746996428
27587,0.018854559746721775
48741,0.0679839752145219
4585,0.006378315712032835
38295,0.024156111042598218
38865,0.026385569746996428
12838,0.015790734844138274
3806,0.030991706928731877
16723,0.05609175798478598
40990,0.014673950336383969
8639,0.03810128340705321
9683,0.019403352873822558
3126,0.014406051363018847
19820,0.02497925435382105
39856,0.040310329400590705
20911,0.014703990218885195
8465,0.15398987383617255
5677,0.03441371469584598
19242,0.01379482410890195
39467,0.07878464972840235
33131,0.02665397958858493
43332,0.08091458139070551
35715,0.10483632660063809
19434,0.022763120504648588
28519,0.011925076759554967
44218,0.03714370476047723
46587,0.08802220052677606
45652,0.0309488709471696
758,0.03160261099533684
20604,0.025978219440252675
7673,0.03986958618560055
13966,0.021222592587597806
4982,0.026385569746996428
43860,0.010661087780815474
32870,0.018179653773890286
18068,0.034393675432625094
19559,0.003490409950516042
38508,0.07830782712564734
26719,0.014697855400894187
27357,0.02894303199876501
9634,0.02497925435382105
20757,0.027940167257570574
10989,0.026385569746996428
27708,0.04867343190679364
33619,0.026385569746996428
55930,0.04029629887123993
34658,0.03414712883040129
35734,0.04532049614599631
23883,0.013728959662748143
5853,0.034063547622647704
22589,0.08441781725637307
26540,0.15700563127369152
41561,0.02542414058101184
48052,0.03950323201775135
32907,0.019446099186736607
8543,0.013137428803116222
11790,0.02421932374835656
16028,0.015972156227158262
8113,0.022532373928470465
4193,0.026385569746996428
29640,0.027580009798818673
17479,0.010423985664499265
42467,0.05203759684282633
51661,0.027311489097041494
30768,0.026385569746996428
23841,0.029662268118331694
10240,0.026385569746996428
22946,0.026454859627171676
9052,0.017944115098806425
55713,0.011351888842535136
53177,0.02497925435382105
12633,0.023854144351180474
4455,0.02826804510791789
5795,0.02550928782971274
5264,0.026385569746996428
39718,0.08235641915380197
19959,0.018471804675320922
4351,0.02826804510791789
22137,0.022882407761709786
44759,0.031660079218080305
33942,0.018492664058908724
18461,0.07111036977648144
38685,0.026907275981084337
12653,0.02753206604176121
14888,0.03191665557013898
43416,0.020798413101561133
39564,0.03443822180001856
37046,0.03581403935146181
52220,0.011528288079870138
26109,0.008191892204618693
34719,0.03600583743255495
31185,0.07048740474416453
8875,0.021820576925030057
44319,0.033729266359402946
2902,0.07340226339042344
47727,0.01643765782284655
47390,0.10584042340720826
38035,0.026385569746996428
52869,0.03066764729805439
16084,0.038708447007815325
37426,0.038352648028718433
558,0.02826804510791789
20210,0.03941352021346468
12955,0.02522495833070211
48455,0.0188232338597404
31588,0.01280767525008875
54557,0.02543498408549454
28762,0.015666424097006484
12594,0.048653194742284404
10134,0.026094371216183125
4199,0.019260937872302885
50242,0.034298763889462756
48589,0.032744524685186564
26601,0.029077816857935073
13651,0.015783685090941902
11451,0.026385569746996428
26670,0.033607863622868946
1480,0.012063549577829989
20440,0.022152720103731868
37592,0.01850740962076923
52589,0.015536516137075582
55426,0.035687162665972244
36259,0.018502176909710063
2156,0.021434639150877854
26533,0.017577365020507874
6811,0.0266321258887223
37236,0.10171411063421014
19588,0.01501359780707451
41179,0.026385569746996428
2554,0.024954407382455017
9040,0.02373998139696296
31002,0.02914541546521508
47504,0.03619047412162462
15134,0.031067627542905412
29169,0.0309488709471696
53639,0.02787702411674585
3875,0.07735251321257934
13371,0.026385569746996428
7653,0.028243149750046843
36361,0.030050096751233938
49610,0.018046552401349013
41293,0.08815938449965693
15814,0.018113222645053075
836,0.02138701859688273
9226,0.02067067988342582
19209,0.023404214149313183
22408,0.05067565255231804
47511,0.09251412136610916
48822,0.00944651153374725
18590,0.012313337029947786
41498,0.013324318537988981
28382,0.012845093080840196
51056,0.02497925435382105
14539,0.0549456338333969
27063,0.029859773691038944
2514,0.06004943268878105
40570,0.027790602572551046
42020,0.026385569746996428
14300,0.02118068307496078
50378,0.01800508879820481
30044,0.06374828932775058
745,0.026385569746996428
32702,0.026424997727663345
55250,0.015451249890904038
27248,0.02207657677635867
52594,0.010588941683929428
38880,0.026385569746996428
46245,0.030701443672962594
47150,0.05296835821355679
3036,0.016928206873352662
37127,0.03601883163932533
30056,0.038007992625249884
1682,0.060834193592617
13744,0.018217180081204373
57107,0.06424718842729688
6915,0.019827185710573382
32306,0.0309488709471696
27439,0.008374148319262158
25887,0.029805173247274535
50207,0.026385569746996428
48139,0.07061070245692938
12319,0.025622627700441113
14624,0.04876250928085672
17860,0.03744525810978944
31809,0.00815224212851506
31515,0.018966465204554087
3252,0.02019991752248379
43305,0.034363895822873344
40577,0.023093419494396784
30375,0.05404337687644208
9192,0.02497925435382105
21418,0.028019518570976263
10520,0.06331866702400786
12172,0.024233168565748434
1343,0.026385569746996428
29149,0.028195003335705928
51811,0.02497925435382105
41419,0.0913310608837174
38415,0.059878155856438194
6892,0.043847657415031376
54008,0.005950709707348601
22374,0.017744738633281874
18583,0.02522495833070211
38895,0.011104414688002814
27581,0.026646528732153795
8443,0.02497925435382105
33878,0.03383445524639085
22864,0.024233168565748434
20903,0.018471804675320922
39370,0.020974436918568165
55945,0.015212201384829958
55291,0.02497925435382105
36414,0.026385569746996428
48859,0.05322796550578943
413,0.026385569746996428
2143,0.057412142691587634
38434,0.011629581526005755
17895,0.02826804510791789
22882,0.02118068307496078
39720,0.012431170448597853
27214,0.024023870274368128
51945,0.05114651227879499
51536,0.010585690205929378
26948,0.06856203459364908
18885,0.0364637812184972
7624,0.10940903968194332
46629,0.09799786295618654
57346,0.026890706201675336
44490,0.019398180663175328
46768,0.014641892630569071
32462,0.01812977623670668
30150,0.009944453656992832
34209,0.0320220598893153
51679,0.012866366285135487
55012,0.02543498408549454
29834,0.026385569746996428
56827,0.039644139421459966
37444,0.05549881162500788
24211,0.0218731119957223
45924,0.026385569746996428
37144,0.015168047996312358
45142,0.010135228671684602
2755,0.026385569746996428
1377,0.05446917215281732
10814,0.02450512851037676
13983,0.0703494629768299
42949,0.07265922701688467
56653,0.013513709318783887
41600,0.05159526857365973
7325,0.026385569746996428
43640,0.009899230979371535
29603,0.10185807244120194
33559,0.03423223702817884
6850,0.049703767692514444
50888,0.010501186098185122
30046,0.040310329400590705
31451,0.11498140876013559
29651,0.023578139187384023
4851,0.022295655267425708
35787,0.012865875054578962
25205,0.012332229285214404
24184,0.045742877148908734
23370,0.019533551624304493
27184,0.008181697317230743
50110,0.28322778535016596
3022,0.024276381002696294
43709,0.021108678337726176
33951,0.03502899061867314
2927,0.02019991752248379
37028,0.06416084021434205
25840,0.041433696452329534
38859,0.05159526857365973
41783,0.05041462087754202
45458,0.016619467023806084
57157,0.017248112802170822
37907,0.01098357492115436
50245,0.015602137231295464
8899,0.02289062774951467
40980,0.08048385658216829
13247,0.021625249798655436
39917,0.05507235453317754
34255,0.026385569746996428
48211,0.02691623571905915
48220,0.05951348431332721
57248,0.03474785613547892
16742,0.024818952175340837
56040,0.02497925435382105
14103,0.02529679339999004
40939,0.01984092690026006
55113,0.008639823001165964
43696,0.03663559008716796
48572,0.07615002596426484
37889,0.0278703459833501
28603,0.026385569746996428
21495,0.01857069338253095
40252,0.07024972110566732
44967,0.012629578345988055
56815,0.02709653274132834
44658,0.046039506552554024
17252,0.02826804510791789
56123,0.012082063984158937
27954,0.011006732193404064
9572,0.026385569746996428
36093,0.0309488709471696
47768,0.04235931605739551
21218,0.018402313088926224
49715,0.012590973563273877
17525,0.026094371216183125
34134,0.06289010406209253
30247,0.03598999860259466
56370,0.01152831010040774
22384,0.02522495833070211
13742,0.02182459159101957
11466,0.03201204048745464
37645,0.04860766299389253
41951,0.03188694957929238
36154,0.03290783541611537
6848,0.03173315331141036
43862,0.017471525774789387
12103,0.07038200634895221
343,0.030050096751233938
39166,0.013324318537988981
12603,0.026385569746996428
46623,0.01962533898996906
48269,0.025869056242939267
30800,0.04698901459999617
27656,0.022000751407625273
3714,0.01850740962076923
53018,0.012416342671835065
27891,0.021967986892011664
21998,0.03128290008867198
5389,0.019662877355360635
24677,0.025474617093450322
41784,0.01887388282693079
33658,0.010849729394337202
47126,0.026385569746996428
53448,0.026385569746996428
40229,0.012231114870939714
42741,0.0645381066395402
44846,0.026385569746996428
57017,0.018463956786130407
46518,0.024644203487678797
12912,0.02826804510791789
32120,0.00842409004472901
33151,0.028666855924742607
11250,0.026385569746996428
44536,0.030714787545238643
35665,0.037314405512509176
1503,0.027175813083111296
25497,0.008502505497335005
27520,0.014938508655129879
20007,0.03728939440387507
30457,0.037158954621849136
52942,0.011776300520145305
47755,0.03414508634896721
45497,0.03751015851851414
8180,0.009366686608345099
49113,0.01586053625239971
23579,0.03423223702817884
51747,0.011390970365729544
13301,0.03392275558604708
46969,0.05709940329310592
49501,0.018341331440551632
18607,0.016950079334504275
29422,0.030122567963285732
36029,0.0282319520009582
45007,0.05570706414119607
25454,0.019662877355360635
48973,0.01832204591729874
46758,0.11371022868736326
15388,0.023854144351180474
19306,0.0075717556804366214
40141,0.05441035993999133
50101,0.048513412511300986
40458,0.02047468789442882
11321,0.02599516011286515
19482,0.027661038783659924
52941,0.024894337349266486
25151,0.02397837179061339
17734,0.026194057744486552
23919,0.011485785357842693
22461,0.018651817396799004
27129,0.027592992337403893
42726,0.03884236403626287
27557,0.048288567999975975
56898,0.0537129381077593
18191,0.023424275778424018
18142,0.021660222986338747
18126,0.03062335228387168
39329,0.03401119688993742
54325,0.01207480699643855
4844,0.017537010297473177
28977,0.016564212799009825
3289,0.06262790955507651
2313,0.029077816857935073
50712,0.012035210523574163
9128,0.02497925435382105
50183,0.014333000555220493
29885,0.027327616090216826
6946,0.02118068307496078
52381,0.010681826354838955
55838,0.07759889108696894
3831,0.02118068307496078
53449,0.02497925435382105
39507,0.026385569746996428
12111,0.025316841050574884
44708,0.02154119048088718
49351,0.018338825729056967
1720,0.08056442378164742
28375,0.02513708228986467
1092,0.059582800278402584
14520,0.14421915359564796
7918,0.02096246085300568
25224,0.01599141757548969
31140,0.0663756525379474
38587,0.09788800443381868
13556,0.028452658193811868
26574,0.04032502433212065
40459,0.07765455366299792
28597,0.026385569746996428
33184,0.04042747722179794
35589,0.026385569746996428
8962,0.026094371216183125
36156,0.04222889609739668
22167,0.03911041804929642
57253,0.018695625376391363
8570,0.039324449320211056
2825,0.055021939771539186
39152,0.009950034259165562
40257,0.021152912585334218
8889,0.047373241206923
45579,0.02799827469815307
297,0.026385569746996428
23520,0.024569366167824916
51433,0.01222990139487374
21848,0.026385569746996428
37920,0.07710293079128619
44382,0.012313337029947786
39157,0.0759615798447333
42657,0.028986249433725145
47351,0.020348588879332854
7356,0.03428183018382997
41626,0.039528036545785475
16391,0.026385569746996428
4335,0.026385569746996428
49809,0.02279311984215501
28888,0.041003488612439236
16063,0.029930145600870896
5864,0.020100812182959303
22035,0.027940167257570574
51585,0.02874589514527294
47581,0.10436512060473392
25974,0.021276211690247192
23719,0.04056807666193244
3401,0.023391517326541388
16420,0.0333867894872871
11458,0.023854144351180474
54869,0.011698140336436257
20877,0.042398657235751286
45194,0.008535058198916503
7831,0.019662877355360635
53455,0.03590827242169532
6748,0.023854144351180474
26982,0.018336085649550356
6420,0.019662877355360635
9724,0.029077816857935073
29580,0.023782247237498763
42236,0.032054498022131166
32190,0.02497925435382105
23166,0.014856030869260857
38844,0.010992160239925544
38926,0.015265553985535895
6056,0.02826804510791789
41725,0.01599141757548969
12409,0.024452927314745986
3230,0.038299217301015986
54706,0.009050345909654749
19474,0.019662877355360635
27720,0.009889045561711872
23829,0.03105042476265006
50582,0.03204548633188728
12635,0.02421932374835656
3976,0.037044744467527264
42890,0.032167307252444134
34582,0.0647779713048336
5459,0.024150515914370556
47237,0.03341454699433634
38722,0.028500415779537748
15686,0.026385569746996428
32880,0.027853014103555365
33485,0.028981257460025493
8343,0.03541937727310775
18289,0.013674005756469779
33849,0.01149421461649845
1077,0.024737435810955905
57144,0.00955357140426537
39777,0.028183829917585744
34422,0.014259550803882581
15027,0.024894557421303927
7365,0.02360904212310483
26310,0.02826804510791789
43995,0.026385569746996428
49682,0.0293694107936606
3000,0.019750272266455003
8760,0.017403367625104856
54481,0.02497925435382105
54727,0.02958705800757871
18874,0.02169780078172936
11436,0.026267289845988483
36277,0.07415049873878153
24004,0.010121203482824722
14686,0.013382633593688124
48857,0.03102860997892012
30638,0.02702354672840625
43387,0.1450866094800469
10552,0.02497925435382105
33242,0.03714370476047723
27838,0.012505233974406274
44509,0.020505919310362625
43996,0.010439514547574613
43706,0.013888512895338007
49181,0.025427633827114604
43043,0.018443446263917584
23463,0.029274806276827225
39014,0.016151184738470874
51595,0.02497925435382105
40211,0.07179874591000487
48115,0.018976928405502597
9165,0.034540360773842836
19705,0.020834700072914655
43008,0.009243035703380604
53237,0.019856356026050074
52664,0.012415381546977354
2417,0.06289010406209253
20066,0.01850740962076923
57264,0.0231856316295149
43218,0.05159526857365973
4120,0.029077816857935073
19291,0.04641407164667708
15381,0.010149343869615336
17050,0.026094371216183125
54804,0.02260033837380182
40881,0.018280094559603492
44168,0.019709377945486873
10500,0.06424205950384654
12285,0.05555157827270791
32897,0.026385569746996428
20848,0.07864605332353129
2829,0.024739037790561302
18377,0.009260077688065022
9736,0.020440349095404195
54780,0.02497925435382105
49597,0.00951176491238722
42585,0.011830176600341611
51504,0.03238094479526776
31931,0.02975088451666683
39921,0.01403920739553834
37993,0.014704958489386102
4865,0.019403352873822558
30585,0.06095825326970383
31343,0.020033790262794445
441,0.025189783670318523
44893,0.04569855651431408
54358,0.009149840147113753
44057,0.009290693772471813
26032,0.025193245931201595
8414,0.01333111147271764
43649,0.011873173175203977
35684,0.011555904788644515
50808,0.041476389054261466
195,0.026385569746996428
49205,0.018862033967496517
41290,0.07820700994903079
2705,0.02826804510791789
48811,0.09193560865759569
25895,0.026385569746996428
20283,0.010895597525691891
40659,0.06021727130038981
16694,0.04042747722179794
22050,0.046950316990276
15356,0.026385569746996428
33006,0.027732189506634888
25756,0.021252370129395307
42493,0.026385569746996428
27612,0.014687262103764013
32344,0.02497925435382105
14095,0.02826804510791789
51049,0.009998611331665363
39526,0.018519554073153286
45101,0.026385569746996428
47425,0.021352891280133637
14966,0.02169666118058764
1470,0.02826804510791789
4559,0.024233168565748434
39626,0.01079916990571757
39102,0.011999602790411266
25042,0.022456906196588716
4071,0.021025476774090935
30963,0.06499207832575055
27059,0.026454859627171676
49247,0.03751015851851414
12217,0.11343188107269268
31576,0.017381887436874154
46702,0.04735474975018328
45303,0.013304678712719483
24270,0.008932032257981764
31,0.026385569746996428
30838,0.026385569746996428
54042,0.02389040002505927
11535,0.03672134287835013
2323,0.021660222986338747
42413,0.03168678861262865
21349,0.02819846698666533
28686,0.11119564815974775
46913,0.21963630095326964
47948,0.1184195637656096
52458,0.019626969285872924
9841,0.024233168565748434
44320,0.030422023890786944
1157,0.026094371216183125
27316,0.029077816857935073
35044,0.02426395344874406
17723,0.037474553921977315
11634,0.026385569746996428
55767,0.034651328148964704
39924,0.025427633827114604
28652,0.023962341136606998
26938,0.034695677495660125
3858,0.007369357363692067
38172,0.01572917004495648
40849,0.008736718481508483
24483,0.026405810778206383
2772,0.02761093675102574
4745,0.02336604927907802
37303,0.037872190412367356
57103,0.07998595588872057
21688,0.014481130081051901
27555,0.026385569746996428
52725,0.051531900076429035
25384,0.026385569746996428
50825,0.008051750997714234
28586,0.01624173808655128
16707,0.07643140981984158
24098,0.023591231431343115
10595,0.027218724635775862
55256,0.02497925435382105
1788,0.026520946122949036
2740,0.03234692606794643
55782,0.010648385902808906
39190,0.07067171550421306
6427,0.024475193483007886
48744,0.026385569746996428
5908,0.03379278005723748
3876,0.026385569746996428
46914,0.00898539257727913
31146,0.023683583298278753
3433,0.05204330779229104
51167,0.010646128245520534
30778,0.02623875314485913
4034,0.016309667178433726
31577,0.11591863828905238
16706,0.13348551317657684
42857,0.035248961070962107
13963,0.026385569746996428
40574,0.09088987725385045
57186,0.012430618144266756
15610,0.026385569746996428
19754,0.00577785753226939
16839,0.02522495833070211
51607,0.016504976645381753
38418,0.011104414688002814
31915,0.050800423411169394
32192,0.026385569746996428
3161,0.04732881967931923
39866,0.021660222986338747
54883,0.026385569746996428
24072,0.07306689454871755
55719,0.07536685344648036
44985,0.03006305764101082
7078,0.04049617210778478
37587,0.026385569746996428
29996,0.016783209592815967
16869,0.02497925435382105
45320,0.012130101558609704
51427,0.02497925435382105
56389,0.01901425850361784
30410,0.06332226438255868
2081,0.01962488445639059
18698,0.026094371216183125
36374,0.025264877751749307
36566,0.017058767747839102
11067,0.0259076289836839
48085,0.01515745643175577
2087,0.029603955159709816
30786,0.035248961070962107
48638,0.017239761118745645
36166,0.014752720753990707
46320,0.019896282671180033
29922,0.022313022495181255
40303,0.0220349274879013
53239,0.02969571933644865
22348,0.019011117463589185
51869,0.01866715372607525
39106,0.016000440137388498
5685,0.03452957351389003
54645,0.03151227026017888
36443,0.03090352747739693
6956,0.019227906275338554
3296,0.027342699496471223
523,0.0477281098319144
47201,0.022258155918193353
33390,0.052979976156709026
53418,0.021660222986338747
10453,0.0687006719948843
7789,0.020923355890577127
32051,0.02617270681471022
5343,0.031079740180841583
26774,0.01582187323557064
55568,0.012096800207373271
36696,0.023526547120184697
8409,0.04010398797362075
13183,0.025993328090018617
45104,0.02738944855337883
39299,0.024650963029394627
56754,0.02709653274132834
16586,0.008872594478841355
15033,0.03749282030159283
743,0.019662877355360635
53864,0.02497925435382105
6676,0.01879606830596449
15118,0.07990966614670589
8586,0.024287736642425832
41120,0.08243083745555425
44586,0.04428627421763043
3068,0.022768047825387
31810,0.129057606472919
17807,0.02549453938277059
44085,0.02512753025982077
54480,0.023990441570160594
8231,0.04317219971534263
11527,0.02614985191460924
38730,0.04845451451411055
18848,0.015222511228684822
46437,0.0741631319255443
53818,0.02413469105652316
3759,0.03502087501982842
39086,0.08568998517939688
2676,0.02826804510791789
6585,0.01894648063648611
10098,0.01791361729035113
5130,0.04302419025397691
7779,0.02263930220840132
13920,0.032499852872324896
12005,0.01946661783587053
27950,0.025138899836225335
1930,0.038015443590463424
18826,0.015938154750556936
48700,0.13801866996237705
23562,0.026385569746996428
25415,0.031694450601270414
18649,0.011104414688002814
17893,0.022726785003141462
23673,0.026385569746996428
5046,0.021395199457053093
19331,0.02497925435382105
50828,0.018032243706918385
46141,0.010895597525691891
46229,0.04425066243276829
35860,0.04380343703384948
49972,0.07757895288216267
18241,0.05391094286507643
8393,0.0207577074512265
34909,0.026385569746996428
14971,0.04740901485533554
39060,0.054157048725003716
10250,0.036995989409930624
52785,0.014510929163728327
52824,0.011214843144174607
23943,0.02473978364729411
19079,0.09568894138581739
26195,0.03032146897661944
28617,0.0329772328310729
33507,0.026385569746996428
43192,0.09042879227788042
40454,0.0370120811140412
41588,0.030369280999523605
34985,0.015340836137643806
52974,0.01601920690690802
49633,0.12822584669263126
6365,0.026385569746996428
5923,0.057041061518791
10044,0.023322353899640595
44474,0.017772150299091252
20297,0.04644161529299499
53208,0.02117552842928676
8648,0.008937772356294577
27193,0.011917474336547853
12422,0.018402313088926224
53347,0.0225991429520379
23156,0.026385569746996428
34073,0.06289010406209253
20574,0.061055371546258425
20304,0.042315242792273576
9568,0.040730289928625804
19737,0.11769455050726002
56415,0.026385569746996428
10347,0.0206329728847568
32185,0.026740848965910786
55272,0.012595098525658172
17136,0.010115673390858943
45562,0.021839130250427587
883,0.021051867779233714
50732,0.011781919745912537
42385,0.023942395704168062
55639,0.01109719675245276
50622,0.13338189099062628
16271,0.029148527884545052
23339,0.026385569746996428
3610,0.021248933042452647
25930,0.014020769497468354
44095,0.058002535003921225
15331,0.021947993064317776
24412,0.030296264541266816
2464,0.023424275778424018
14527,0.024794242377485308
48839,0.023672363060195052
29570,0.0059777656703896885
48611,0.10486312698118536
9506,0.044626601127648005
20367,0.029277430047393246
43604,0.034575793573799515
27976,0.043020332900352405
39278,0.2191967634908551
8057,0.026385569746996428
17697,0.010780864742785794
19827,0.03705234807232146
23163,0.012728898177541031
20018,0.023988011001674733
27194,0.014425524475778561
5540,0.03975269104076554
32516,0.014493346411167335
19214,0.023032732101562953
32853,0.0787542824758946
32961,0.035685619808692254
16115,0.05295182750228015
47846,0.032744770296616446
22046,0.010143696777442646
29636,0.016684541208823383
35093,0.07240633357430512
55295,0.01428693513365514
11762,0.02497925435382105
24239,0.026385569746996428
14188,0.02497925435382105
49172,0.03136407018377346
44634,0.022830313709397046
17731,0.046635153338654346
37631,0.03192126990620017
35038,0.030050096751233938
52302,0.012830007717302616
7342,0.044214835877416155
51579,0.03710012925466324
47710,0.012752507883465955
47834,0.050637793304134496
35083,0.02642629351116859
17780,0.026385569746996428
39755,0.015118241298241736
25562,0.030682735203637804
28678,0.03579242477589385
47777,0.0224468701016716
5005,0.020200864318486566
26466,0.01827784737522665
45507,0.0418619113661353
53755,0.021778165303466032
24023,0.03800557949948926
640,0.04461522865390952
32952,0.041232433113843545
34050,0.014407708944360127
7294,0.015622393292133106
52236,0.013448014177938844
2875,0.029077816857935073
27951,0.08233149417914877
54668,0.015255659568940323
52470,0.019654036418386835
53209,0.01715298107105414
34109,0.03151227026017888
48530,0.02393024437928399
248,0.026385569746996428
28915,0.03751015851851414
9324,0.027198491363372587
34544,0.052601522383790435
6034,0.040329273220460614
27978,0.02118068307496078
26073,0.0372461786251432
15480,0.026385569746996428
19590,0.011378625413675953
22657,0.01363114569635261
30282,0.06609443146908807
55698,0.012897386930288121
5503,0.026385569746996428
43731,0.014518992635434968
55235,0.014841427293604782
55188,0.024701789426583607
43175,0.021870985973346295
24764,0.046671751468876206
44688,0.07577471878285744
4816,0.01945806877716905
50744,0.026385569746996428
11607,0.024761963108614574
55324,0.021266018877781578
39705,0.039062078838402896
51825,0.016725005644522672
3607,0.024642177139765544
30072,0.02602848557133779
49126,0.02521024801640267
27510,0.019822781829930212
48592,0.03218954250174753
19221,0.011909994395916076
9440,0.02497925435382105
31430,0.023355308573637604
36521,0.01808825393374027
2732,0.026385569746996428
50937,0.027117513385871646
18307,0.019662877355360635
2624,0.07579767859028844
30465,0.2560284160192449
32724,0.0309488709471696
55025,0.04507876521487654
14845,0.026385569746996428
33574,0.026385569746996428
8850,0.05554798674994055
35569,0.014234911711754781
27174,0.026385569746996428
39786,0.058579792375316596
43196,0.05078205816837711
18399,0.016972548370093675
5354,0.04267942996865555
21160,0.08606578107203285
30342,0.05505277800403862
16093,0.008433546810378377
34895,0.03506421125360676
54091,0.013324318537988981
32098,0.042315242792273576
39902,0.03508589115090162
8322,0.0835933718232895
9750,0.027670713848491273
2211,0.026385569746996428
31894,0.024292053353072277
43955,0.07895712188555097
7519,0.026385569746996428
45554,0.030319642639689955
29688,0.007556911038892867
41726,0.01592698219098283
23688,0.021429970630166127
32515,0.0474150466691252
44001,0.01715513211605975
33867,0.011104414688002814
50793,0.02497925435382105
24727,0.026385569746996428
7544,0.018402313088926224
52757,0.03477965619877216
7153,0.0486186687040134
41883,0.017111189207087183
29649,0.017333111508685852
56004,0.020550406118471323
27638,0.026385569746996428
12252,0.01850740962076923
32757,0.014987446476804516
50105,0.017785772158326742
5553,0.03596068913154739
51220,0.029918156458687888
407,0.026385569746996428
48727,0.02368005913924585
50754,0.02497925435382105
45576,0.08206865276245996
14964,0.01850740962076923
2284,0.026385569746996428
49799,0.027857541652251343
15962,0.03116846795422268
52066,0.021660222986338747
29133,0.014234911711754781
26333,0.016352169000203805
43450,0.027638463711790337
21368,0.026925040210685848
1417,0.04193983506107804
53940,0.026385569746996428
23293,0.022815382995583076
10575,0.03429133330018175
50846,0.015424823912992216
19314,0.013054811050461069
8647,0.004399964187652196
34599,0.026385569746996428
17008,0.018734343958609852
3481,0.017286252274061453
54130,0.03022562594872235
15159,0.11366252263474429
55297,0.0249582689706592
35887,0.08213508765959397
53665,0.01123685893594721
29199,0.0863737232984048
14664,0.014246674199069977
34491,0.020523580307164974
20347,0.04013316889338111
55946,0.014978247617236692
25504,0.02421932374835656
50787,0.01749001704047379
15738,0.024233168565748434
22395,0.013685741137822033
16295,0.03680737200694801
8224,0.0442627296572737
43582,0.016399568076758846
20199,0.026385569746996428
55779,0.017700745741120093
15520,0.021390395581235233
6215,0.02588056488972264
10026,0.02522495833070211
8093,0.02497925435382105
3351,0.019307466091490397
55353,0.02328708043636843
9240,0.04159615854441399
33832,0.040320964186233835
18314,0.01342980466475823
19914,0.03423223702817884
23094,0.030448467380951316
21229,0.025158792669216317
7441,0.022726785003141462
11299,0.018690752945142598
38815,0.028958229691338037
32572,0.016804726984698818
47743,0.2110307971473927
21104,0.031189813234852006
53354,0.026385569746996428
5186,0.02522495833070211
46782,0.01829604757358437
35672,0.02231698832722098
16801,0.046292969434410136
25623,0.017997602730553185
12154,0.026637058704298958
32613,0.05104275023966664
18923,0.01201253284186687
46227,0.14320713713142746
8976,0.0405941933375046
267,0.008541098774917823
3108,0.011489230637281455
8883,0.02497925435382105
42579,0.019658954461179885
12351,0.03595888486821606
16545,0.02259759716365768
862,0.02826804510791789
55813,0.011104414688002814
474,0.026385569746996428
29453,0.014261485604721158
40264,0.0630385966748764
25565,0.02826804510791789
30884,0.0413796079246393
4867,0.026385569746996428
42414,0.03544679530845612
21738,0.009611372226602528
21712,0.026385569746996428
5746,0.021660222986338747
214,0.029017637978986845
712,0.021376864122206
30240,0.03219262416453785
45443,0.015359536451835324
24663,0.02096246085300568
53911,0.023177126822856397
1131,0.02497925435382105
53623,0.012838082252539667
48029,0.02172742458657747
29156,0.02686851947617812
7963,0.024233168565748434
40170,0.06900739580234211
5245,0.02204290673241592
49293,0.05736170868853601
13529,0.024221026990554735
9803,0.02295510472862996
46785,0.11153319994358558
6882,0.026385569746996428
46910,0.1453841193676946
6810,0.02993328974791727
14651,0.04000678903568167
55389,0.012430618144266756
5304,0.02087143453236819
47516,0.1044614028772771
18421,0.023641688073923882
8808,0.03645462082673426
37068,0.016821926187041664
43190,0.03728939440387507
38270,0.03965441129157355
34081,0.010895597525691891
45274,0.026385569746996428
6261,0.01365332448114497
8345,0.011063145336136245
14938,0.02350887083236733
28663,0.038039011153023404
18849,0.04268283681113148
7635,0.06787768830666882
36447,0.050184075153436765
15199,0.03902343615646121
32338,0.028981257460025493
20974,0.026385569746996428
56146,0.013338119741790765
12235,0.02693266758121975
3049,0.024818952175340837
6217,0.026385569746996428
25228,0.026016245229482107
49,0.026385569746996428
38589,0.04146223654419679
54739,0.0231322228213184
23493,0.02431878582136896
22605,0.06446433896318184
6529,0.049934642682422196
29567,0.03544779130005235
11904,0.02497925435382105
16107,0.00850398349358501
24447,0.03902343615646121
8022,0.01041378753947286
2943,0.007530643103243622
2337,0.02596554458962418
50614,0.028708015463319476
44022,0.02694009597904869
21373,0.013036346280436302
39554,0.06057319751270436
55394,0.01196621257026681
11293,0.00757184803119228
16180,0.027629758689346556
48221,0.03244040326252434
55528,0.026985243777232864
43782,0.068509822112747
49335,0.007325025810917084
54014,0.023387220452617426
8365,0.013951093812513136
41840,0.03052281333993182
42394,0.13907230705378745
15599,0.018856070244808662
419,0.021947993064317776
12421,0.01116943064413783
5794,0.011713111860600445
15219,0.021398017301902963
47105,0.046443221871807834
50125,0.015033403805490963
54982,0.00796923913912436
27333,0.007146115496306415
12051,0.034905455575228145
41597,0.05586787822992794
46667,0.021482235838065817
23784,0.018431229290585757
3027,0.018960427589536328
41562,0.04235286254701061
49090,0.03286958783725885
3243,0.017948102098315856
37160,0.027940167257570574
54232,0.021260819506226932
15249,0.018641430794061914
19496,0.04030579688135226
19453,0.016179388528022948
14701,0.02068033300288246
48274,0.1148368919619437
41774,0.03930656538992166
24975,0.005901313608911033
4082,0.020555693583837867
12928,0.026385569746996428
49160,0.011082989144732614
46282,0.032865012383216076
42739,0.017036746717607076
29939,0.022607975178695568
26344,0.048782295452752256
30679,0.04373485055003361
9326,0.026385569746996428
10951,0.026385569746996428
14881,0.01850740962076923
27150,0.015920178016642778
7142,0.021678168449907918
55671,0.03192923398070531
26650,0.023259591234495273
17150,0.03147378763986261
46089,0.012246212693367854
27731,0.03788485862601276
3663,0.026385569746996428
9744,0.02587015553883926
27227,0.026385569746996428
19904,0.02333490383741097
53010,0.026385569746996428
8344,0.02098393986625355
6113,0.034485206603413754
12859,0.02826804510791789
23687,0.026385569746996428
42116,0.11426281280029457
36344,0.023874841218106724
19261,0.022398656279941656
25924,0.013074308270813993
10901,0.023287311367849815
54786,0.012392440079965315
23819,0.022726785003141462
37514,0.026385569746996428
10280,0.022149093796937854
36392,0.08714151011281679
1952,0.02237831923770524
16266,0.029131715761506118
17797,0.015192156645366654
2086,0.026385569746996428
41683,0.015641167209824267
6143,0.026385569746996428
43823,0.016009425124800008
33211,0.013407377865269928
28681,0.049560073969130196
42169,0.029071256144274346
34146,0.06289010406209253
44676,0.018902960344286138
33920,0.03141896308107962
5987,0.01685226517730327
10815,0.026385569746996428
37647,0.03714370476047723
3643,0.026385569746996428
7247,0.023424275778424018
49878,0.009061379803706629
33011,0.033871664792761796
33483,0.0686258469519614
49691,0.013211299251207585
48971,0.02242271624483143
26960,0.09039979495018852
37464,0.018815153047577183
56707,0.01715298107105414
1057,0.04510565304501694
41134,0.020087912741196846
6923,0.03400994419174371
14339,0.03597201781596109
16849,0.03121982418901865
2799,0.025998237686640138
33079,0.020252665042908864
11504,0.026558362017582885
36797,0.06494794606972004
19458,0.03151227026017888
37747,0.05927813723856984
53683,0.03763995515793519
52164,0.019252911945631213
28823,0.028685022044493906
21328,0.08186581929129741
31888,0.07322018167375542
32108,0.015619998323587802
23685,0.017145382440502344
5579,0.02967426061055264
7540,0.026385569746996428
42906,0.012342836419622628
55462,0.01623068388701722
36290,0.029768798118746533
26820,0.015110455298121944
12024,0.028346839650069334
55633,0.024644203487678797
45314,0.033447123467729586
17841,0.04211968871907893
36856,0.02509110968418951
30169,0.07245117841596736
51105,0.004145482935122828
1668,0.027336336000498493
10653,0.0500871424924111
45715,0.03714370476047723
28240,0.011524321382672882
29155,0.05737839581172406
46924,0.029071621493555706
23842,0.014569149727733776
13082,0.016551260164772045
35698,0.01565857008421824
40869,0.04716230383151877
25268,0.018269792848309097
4919,0.01960017255035792
6016,0.0668390569605356
20554,0.07061466049586697
27715,0.016573653881780767
17753,0.02826804510791789
49886,0.025840939469939074
23441,0.01522182521303095
40204,0.03487159812569801
51921,0.0185582993995294
27113,0.0122773805348136
21982,0.03139276205151942
6244,0.05100056260454348
22008,0.017507084507537476
3486,0.019817117347474034
48793,0.026385569746996428
2480,0.06343962167000072
53963,0.04743585135820801
39826,0.05455196023900666
27504,0.012629578345988055
354,0.061165282548269646
20433,0.01137411494539748
48805,0.013701656206787994
18597,0.02711845362655594
11988,0.019207361008390378
56541,0.0492820247478429
53813,0.01894565340532582
57120,0.0249582689706592
13294,0.026385569746996428
24699,0.026385569746996428
51230,0.030035318970473575
21297,0.02651113008945584
25871,0.01719375728646421
16273,0.0544513147102965
47544,0.08951133239219904
55644,0.012350359100565032
54065,0.011201154077208742
11076,0.015522914348743503
17356,0.027273562611806787
31651,0.026385569746996428
15382,0.04087251551859544
11096,0.02522495833070211
26625,0.04085040148959568
9992,0.017210071240283304
35516,0.019598659431389005
33578,0.02826773760662562
48846,0.11317742769914087
23912,0.02626838413352105
54893,0.02497925435382105
8225,0.023029889719777985
52274,0.013728782666541197
30578,0.01949415166243076
19534,0.017679953765516725
11092,0.018471804675320922
48659,0.038043234709310966
27481,0.010455487625648562
12000,0.05236647790724328
56738,0.02709653274132834
38579,0.0599459548833317
12462,0.04167638445458156
18370,0.01923934548107148
47297,0.08763886631753
18577,0.028326027278535535
54156,0.032293672544857224
11619,0.02249014167726237
26851,0.027886168061166953
41233,0.04479706018274591
38706,0.08033761552619005
3028,0.06241987355825273
14313,0.020150543336867523
53976,0.012152484359175318
10772,0.04526397803710979
34887,0.012104719267765072
53183,0.017568797875664687
10192,0.02421932374835656
45982,0.08525749388216912
39359,0.026385569746996428
53570,0.014282648313557815
5473,0.021573852185249626
22136,0.009609591359619784
29025,0.011499035707305911
55739,0.011948009788266734
29502,0.15162485028225203
11702,0.03316274754132369
17933,0.0989659327585776
27514,0.024240394728436327
49013,0.02260841823752922
16929,0.03845730749335555
4542,0.03350923056365738
55143,0.026877274477063753
51122,0.02328318621883898
44213,0.04047854554534424
21808,0.014760948244899364
41329,0.0985228673021607
38633,0.0988771293385536
51901,0.021794216061730747
11729,0.03423176316821483
29089,0.0297839208459682
36070,0.026385569746996428
30530,0.0319484538383207
57418,0.03574014920186929
17473,0.03846018485943462
32691,0.026385569746996428
44406,0.030945759952712724
52222,0.014641892630569071
6308,0.047518246185193826
23219,0.026385569746996428
9005,0.026139956594340843
16900,0.019041253383150807
36481,0.01738756438947192
43656,0.03018794771612465
10210,0.019662877355360635
15423,0.044898472383148993
16641,0.0264698095700032
47758,0.03751015851851414
52349,0.00875502403441861
40895,0.026385569746996428
29147,0.008543296011728617
46431,0.01726085598054996
39706,0.038051604113250814
18054,0.01231908280770011
47173,0.030048001636132124
21930,0.02800070501419966
13676,0.027940167257570574
17051,0.015972156227158262
40241,0.026385569746996428
4831,0.029190335315213877
49380,0.07799541964646556
10755,0.02966167358810432
20286,0.022815382995583076
45014,0.02390010911586146
29702,0.030121056171579064
18275,0.012451134240207913
21821,0.009427780444491041
42108,0.023567147569195885
11296,0.022815382995583076
6501,0.029852804017544886
1487,0.018389206953034806
36577,0.027315191619731137
34092,0.02858136787918997
6354,0.09153230606853847
19011,0.020171647326319604
20624,0.026385569746996428
5418,0.02101987714212069
30817,0.049743713270885344
51974,0.03418743708485091
17202,0.022671104021998546
4336,0.026385569746996428
14148,0.01781956891505773
23787,0.04630642116774138
29915,0.045757236228798605
38768,0.026385569746996428
45668,0.03748943666421963
49764,0.04273867543811418
57561,0.02541906244092345
19860,0.03204322339070949
45215,0.06833466983884492
30517,0.021244932335557125
13471,0.09588389325053387
45442,0.008907208291351186
35813,0.008489448285640567
9026,0.026406526073411745
34799,0.01061870485435825
11028,0.026385569746996428
3912,0.029894838854588678
31161,0.03369172410846637
43017,0.016287727171799327
13497,0.02048825592346243
19313,0.019662877355360635
43470,0.026385569746996428
5881,0.022690675982733336
55047,0.021499278690558614
17802,0.027940167257570574
42139,0.038994612557729576
31391,0.019092916503257583
42848,0.05438557668680771
24415,0.022394752633083458
9225,0.02497925435382105
27320,0.02826804510791789
41543,0.015486320269803148
42393,0.0058045888379099015
1594,0.020272088817396616
57043,0.023905199585271108
11887,0.04236305953190774
37467,0.062211781494434154
55643,0.03695496111614101
2181,0.02566529354424142
39024,0.016140082387531875
44592,0.026883971478091757
12007,0.02069812808263025
53198,0.02163237231289078
7359,0.02707778119154809
7030,0.0170641756928839
41228,0.022734001540578787
48985,0.034682645554182136
43793,0.03597647516088872
21719,0.021482303517616964
14403,0.03192230263859244
31060,0.04762748595103319
38692,0.019999339673484447
56698,0.026385569746996428
11863,0.02118068307496078
35824,0.04439396906625653
40435,0.023254734342748863
26633,0.02276541420565128
45905,0.004151465296249393
23034,0.02856135619585055
55401,0.010115673390858943
46845,0.021934797769866024
48482,0.06220814100638151
25726,0.01245014963797944
46925,0.026385569746996428
42117,0.08837284347040424
6467,0.022847277361517038
31789,0.03929705757520887
56655,0.017298566434595094
39412,0.029152096735533685
31713,0.02380226451199411
23072,0.049810049428003524
33235,0.04034365640397449
16670,0.03204322339070949
28309,0.02497925435382105
13695,0.02826804510791789
26387,0.02826804510791789
25730,0.011642297388089131
9381,0.024815488319489834
52721,0.013930971468757582
51207,0.01161471807289706
56799,0.01854362710250545
53039,0.03217157681040821
4538,0.03986749700296681
27727,0.037770785315198084
38835,0.013324318537988981
53216,0.02040147256106253
50301,0.026385569746996428
5645,0.025447206087380415
19387,0.02826804510791789
19663,0.02421932374835656
9207,0.02497925435382105
2916,0.024264897339945298
7596,0.140036461994983
40894,0.07057538454105362
4928,0.02019991752248379
22678,0.027749390638300453
47505,0.019942144152607012
20241,0.02219873202182866
24421,0.026385569746996428
20477,0.028906765299968454
49157,0.17831523472615096
48694,0.04064557035965998
38521,0.11485591170288649
32712,0.027193220226331017
17930,0.04022927686012517
24387,0.033834017735550614
29338,0.021660222986338747
2987,0.024752205886148605
52,0.007234834386058266
28728,0.024848524458212264
52114,0.02497925435382105
22961,0.015615415645200822
51412,0.025107901052729753
41775,0.015138351589685505
23785,0.03756104394093997
21978,0.06726259451506794
53147,0.026453245169881297
21110,0.028506688834037543
30196,0.03625092653996544
26348,0.03902343615646121
35910,0.0309488709471696
22823,0.018436020269627665
47442,0.04706253607251873
13314,0.026385569746996428
40444,0.015081494751853334
15469,0.026385569746996428
40462,0.022775413800691986
39196,0.018201830922748005
55399,0.016712523723142345
5236,0.01714121581443347
17109,0.026385569746996428
49538,0.06767260679078528
1413,0.022052745716493495
24420,0.087875738865655
30662,0.08213494034967632
47266,0.01285521094082245
12790,0.037371881927286715
45282,0.011328385211385732
39171,0.19732901797027463
52512,0.009644155181683182
28748,0.01772546795345523
55446,0.044980480837622114
29280,0.026454859627171676
24684,0.07414256958472791
8569,0.034845292972421234
2161,0.018402313088926224
31671,0.023380394640134486
32059,0.030835100651166254
33633,0.028013007374643874
15815,0.02533586766646781
2404,0.022531164591788465
22193,0.03171883093932651
56038,0.02972160944480092
26612,0.010405333310476739
34200,0.04235044130680861
3624,0.01646681491054233
32900,0.024644203487678797
20544,0.021274059710767197
46626,0.039194468703568616
1784,0.04439267147516368
22427,0.010876021608800355
33048,0.016160479722943235
29906,0.028193109475033125
17244,0.026385569746996428
50031,0.09424239649535214
14572,0.044055220967200694
27261,0.007815721027098585
50337,0.4798825646246962
33237,0.041003488612439236
37181,0.0040416527238881
39498,0.0630385966748764
13312,0.026385569746996428
45224,0.17024164784808657
19505,0.02093413417443612
31242,0.031564613155355185
54057,0.013393105019157655
22464,0.013844193508052457
27478,0.02826804510791789
31756,0.02255421786958493
46072,0.021038155983395864
22866,0.011785320895010588
20691,0.013507460633565586
37048,0.024933544111090673
1851,0.04042747722179794
54451,0.015511543078714028
50547,0.02239898141530253
33296,0.040457846092968
16166,0.028836114662218155
18863,0.015199003328123054
24997,0.019180990194817376
45051,0.026633976358496646
32058,0.0172792486016294
20327,0.040753566537597985
32023,0.03751015851851414
32569,0.026385569746996428
55195,0.03705432072853661
3705,0.026385569746996428
32428,0.02095826164367419
47986,0.030557739605352317
13282,0.10454305578910385
46276,0.025382022602012173
46192,0.018620599903464582
3859,0.021732626762853206
35721,0.0403865953881496
21227,0.010950800963573256
25304,0.019985792630617245
4116,0.036404101364754776
51770,0.0249582689706592
55870,0.025038840385612545
4550,0.0186895505049437
12189,0.026385569746996428
25982,0.0705748251308246
54385,0.022470679098285283
28744,0.02221005858608094
23271,0.024021494453342836
46047,0.01025874686433716
39502,0.1682487511662717
42858,0.1289047125731784
29078,0.10002494907539698
49804,0.026741906810450904
41525,0.03435339878497992
37916,0.06728617770696554
1516,0.053508653581267336
39007,0.022030798155754643
41331,0.02813559259924837
32039,0.022764361888699597
27991,0.02959582111536414
1289,0.02373998139696296
24237,0.01565210758431884
38984,0.036201026946134786
46480,0.05049622528221343
52341,0.011153234010924757
17049,0.024475193483007886
1976,0.02564235220484461
55649,0.08320317565027208
43517,0.06734083387201142
6235,0.06671353396298217
17141,0.031040316098407506
45880,0.016300095589109404
18527,0.013204151277509889
28773,0.01937544378780586
4456,0.026385569746996428
35849,0.012646026460786804
34279,0.015517894599206694
657,0.013672954297113281
52324,0.015240098899780364
40189,0.02691983682550417
27136,0.026385569746996428
5388,0.02676415442207215
33208,0.004617585676950449
31175,0.010895597525691891
52368,0.017042354872217932
21335,0.015451282126115684
34295,0.018436020269627665
45526,0.023207453284581687
50073,0.038623322873821364
28739,0.042601320218042096
6186,0.04030344330422385
4779,0.02370423057807085
22138,0.028672049518618972
8920,0.02657539346152795
45568,0.04412254007485105
26565,0.026385569746996428
38,0.0225120604461601
49259,0.03595137541421958
14511,0.03896311554994686
31837,0.023239259152309268
42342,0.032764044588932346
10955,0.03366949275075916
12443,0.019662877355360635
49197,0.03374193157166682
32193,0.011851791934724387
14514,0.026454859627171676
41788,0.013398110016125443
19247,0.016653533910709378
55101,0.014234911711754781
48123,0.13765801285955234
52384,0.02497925435382105
25800,0.010382701112713276
7460,0.021621879553421323
6567,0.02085320641630211
7895,0.02826804510791789
25386,0.02826804510791789
39914,0.013718792352184815
41944,0.009084026763611464
75,0.026385569746996428
56632,0.05249365039644712
316,0.04642004980094211
43234,0.01298600007043309
22510,0.01806107359838749
17089,0.03204322339070949
41330,0.02384925516545176
42854,0.024644203487678797
1841,0.027940167257570574
40917,0.013207498491017823
2386,0.02333490383741097
28354,0.022685670717684556
41006,0.021708004262851698
27162,0.026385569746996428
51634,0.02497925435382105
23302,0.026385569746996428
48738,0.1680507649485431
11732,0.018402313088926224
51795,0.009886476298306095
4911,0.02826804510791789
21114,0.04128353974150998
12033,0.010745359969982039
15872,0.023424275778424018
20907,0.026200704444084733
49920,0.10114296439569077
34835,0.040705976885528586
33871,0.03288031336477258
10644,0.02497925435382105
56465,0.0362195639671454
742,0.021660222986338747
25300,0.026225329074992514
17233,0.07240997025591606
10104,0.042629675873796874
20254,0.027940167257570574
44574,0.02569562333649137
40687,0.10635599085969687
49096,0.10839849960046175
37386,0.05706157027494423
38956,0.013894311207805305
49959,0.017127721288990858
47373,0.019402602552893285
29392,0.017204262771714558
16421,0.03053416237611067
344,0.026385569746996428
41640,0.015489955436174865
56845,0.04535727021474812
47010,0.025415828378092815
29396,0.02691983682550417
36109,0.01528531152063212
48191,0.025025580365923446
51560,0.027222637074181807
19312,0.02826804510791789
48155,0.041443515418029965
14812,0.04678468951894299
17313,0.00732368701103594
3795,0.02725086644437521
1458,0.029726339724689774
46742,0.03945007974093166
52034,0.03296383665720248
13611,0.03699863813620927
4623,0.019662877355360635
6231,0.026385569746996428
43874,0.01219716948999439
4845,0.026385569746996428
15204,0.02497925435382105
19891,0.008535058198916503
44147,0.02815628076627812
34468,0.04264954299697827
52144,0.01025874686433716
39042,0.01130838319381761
20602,0.009833719685493462
49874,0.04384928115207944
52835,0.016632289012724486
49348,0.020311206121256746
23182,0.013829811256212937
8746,0.0283343964883092
53905,0.009602099100298663
12711,0.02826804510791789
52542,0.0068684044667825005
24637,0.025490519489984372
49367,0.008898258570774895
1796,0.01818386924260434
34771,0.056814602298509986
49269,0.026385569746996428
6361,0.022714756352944628
18359,0.04032647021404214
51555,0.012889024993190248
20090,0.009133841573267519
31134,0.018228499783763476
39215,0.01274348245151746
3612,0.02169666118058764
50774,0.011781919745912537
816,0.026385569746996428
48732,0.04670158738707738
28771,0.1338091377539548
12102,0.029498998296823738
40754,0.011129093506362242
30704,0.04670089447397041
6224,0.019526149375401123
45685,0.018271368438468667
32814,0.044036830227297694
55651,0.009793988968272665
42820,0.02928650551425653
48054,0.015353865159463393
33228,0.037668580740284646
39478,0.023114612226119484
4291,0.024270153075239633
56464,0.02616278744088947
46725,0.02972160944480092
20787,0.026385569746996428
6465,0.02826804510791789
35866,0.02691983682550417
42283,0.0364515865345594
24219,0.02826804510791789
30307,0.05109851636213757
56955,0.026385569746996428
25429,0.015638576107068362
44549,0.08983232146617624
47145,0.02497925435382105
6079,0.014907023455419156
48457,0.09055183121026776
30503,0.02789667942929898
35145,0.025065696595401938
47121,0.03360760239718928
44093,0.047362219546069194
21634,0.01025874686433716
15742,0.006817406347402696
41526,0.026385569746996428
22392,0.026385569746996428
27845,0.04295574811079393
49669,0.011769553661206118
24353,0.009548133962201898
54034,0.00714986598008507
2906,0.020792388692007106
31724,0.010259356660402725
46791,0.049421069387089095
21124,0.027142922034803035
52936,0.02077680099550288
16039,0.022829409481297528
34873,0.02108398884379233
30842,0.039257545348159645
30742,0.019469226762920757
57165,0.026385569746996428
11220,0.017215162789244644
18775,0.03071220941657997
22389,0.012358926337298603
15555,0.06784345955233086
28344,0.01039339592275052
29699,0.0165099510180672
44506,0.07959709228096193
37175,0.026385569746996428
8807,0.02522495833070211
15012,0.024233168565748434
15400,0.050286798063917774
54722,0.012618476387833553
50030,0.021660222986338747
20664,0.028171360744563768
22146,0.03875469620423679
24202,0.08312618502654782
30042,0.026385569746996428
30489,0.13069623403017155
41648,0.02317886280052893
10743,0.020768789541122788
16123,0.027142922034803035
37671,0.02450512851037676
41305,0.023086008779842463
45079,0.010093741827150775
4988,0.024116204286302168
41801,0.09136004073179582
34425,0.051111499690030544
49858,0.028245163996773615
38355,0.022658247246300663
22334,0.013394083057816265
39045,0.02216070695115723
39966,0.019157869034228125
45945,0.026385569746996428
52878,0.023872668338878456
49161,0.04480289588583254
38354,0.04899175184170117
13131,0.02333490383741097
6807,0.05586233490912564
40054,0.12145015626434302
12692,0.028920643218189886
51580,0.016601604170224243
54671,0.021839130250427587
8023,0.07636967810856513
3434,0.10420874537328283
32639,0.0407200395342342
55844,0.06253030615054452
1107,0.0200538396139524
54853,0.06289010406209253
49200,0.012664887643607617
6824,0.02497925435382105
14872,0.03469247061352737
38364,0.11335370320479901
8821,0.029885323550174883
6179,0.026385569746996428
16577,0.02697946907464152
21419,0.040542714884104075
19185,0.026385569746996428
2146,0.026385569746996428
45323,0.009636795615035844
26449,0.023863995705947924
11472,0.026385569746996428
17017,0.03405228928666589
40359,0.03379106897828926
42577,0.015144333702096474
22647,0.02328708043636843
21907,0.008698215998375407
25707,0.01537248058070383
56662,0.013074308270813993
35374,0.03713420407554705
10783,0.01850740962076923
47557,0.032293672544857224
33912,0.02702354672840625
45663,0.02891657387423003
46601,0.03916485306691844
11933,0.01928356185253881
38350,0.09579713452304148
26294,0.12288389333604628
18301,0.02511295943148279
30231,0.01654151876206235
50946,0.010455487625648562
5165,0.02019991752248379
47485,0.017620348087824148
1675,0.029077816857935073
48263,0.006744177718643403
21840,0.021660222986338747
25799,0.026385569746996428
45898,0.020812312632565316
4707,0.026385569746996428
2585,0.03798847627401952
6835,0.029077816857935073
38449,0.07572307938880783
49931,0.03293119022693587
38922,0.09579713452304148
37963,0.05058559016588689
46100,0.14543346738119026
18902,0.044876713131318656
27941,0.02393107347387635
44151,0.041345895559560045
43787,0.03467374432324267
39888,0.023272575243887688
17418,0.011909434676893907
44496,0.026385569746996428
12214,0.027940167257570574
